Data_entrada_dashboard,Data_ultima_presenca_dashboard,Capturas_no_dashboard_no_periodo,Banco,Tema,Fato_relevante,Empresas_citadas,Vendors_radar,Tipo_de_vinculo,Impacto_estrategico,Risco_regulatorio_controle,Prioridade,Fonte
2026-09-25,2026-09-25,1,BRB,BCB_nota_supervisao_Master_BRB_2026,"O Banco Central informou que sua area de Supervisao identificou inconsistencias nas cessoes de carteiras de credito do Banco Master para o BRB, comunicou ilicitos ao MPF e aplicou medida prudencial preventiva ao BRB.",Banco_Central; BRB; Banco_Master; MPF,,Regulatorio_oficial,Supervisao_prudencial_e_contencao_de_operacoes_com_impacto_sobre_liquidez,Capital_liquidez_controles_de_credito_e_governanca_de_cessao,Muito alta,https://www.bcb.gov.br/detalhenoticia/21005/nota
2026-09-25,2026-09-25,1,BRB,BC_perda_potencial_BRB_Master_2026_09_16,"Contexto recente: UOL reportou relatorio do Banco Central apontando perda potencial de R$ 11,4 bilhoes no BRB pos-Master, acima dos R$ 8,8 bilhoes considerados pelo GDF, com determinacoes de reconhecimento e reavaliacao de ativos.",Banco_Central; Banco_Master; GDF; Credcesta; Tirreno,,Regulatorio_reportado_por_midia,Supervisao_prudencial_e_reavaliacao_de_ativos_com_impacto_de_capital,Provisionamento_capital_e_transparencia_contabil,Muito alta,https://noticias.uol.com.br/colunas/natalia-portinari/2026/09/16/relatorio-do-bc-indica-rombo-potencial-de-r-114-bi-no-brb-pos-master.htm
2026-09-25,2026-09-25,1,BRB,BRB_auditoria_irregularidades_20bi_2026_09_22,"Em 22/09/2026, Pauta Diaria reportou auditoria independente contratada pelo BRB com falhas graves e indicios relevantes de irregularidades em operacoes superiores a R$ 20 bilhoes com o Banco Master, com envio do relatorio a PF.",BRB; Banco_Master; Policia_Federal; Auditoria_Independente,,Midia_investigativa_controles,Pressao_sobre_controles_de_credito_e_evidencias_em_operacoes_herdadas_do_Master,Auditoria_forense_documentacao_provisionamento_e_supervisao,Muito alta,https://pautadiaria.com.br/noticia/auditoria-aponta-irregularidades-em-mais-de-r-20-bilhoes-negociados-entre-brb-e-banco-master
2026-09-25,2026-09-25,1,BRB,BRB_fabrica_apps_multiplataforma_PE_055_2026,"O PE 055/2026 do BRB trata de contratacao de empresa para desenvolvimento de aplicativos nativos e hibridos/PWA com suporte multiplataforma para smartphones, tablets, smartwatches, smartTVs, desktops e sensores IoT, com sessao publica iniciada em setembro.",BRB; Fabrica_de_Software; Aplicativos; PWA; IoT,,Compra_publica_TI,Sinal_direto_de_sustentacao_e_evolucao_de_canais_digitais_do_BRB,Governanca_de_fabrica_de_software_segurança_de_apps_e_continuidade,Muito alta,https://www.portaldecompraspublicas.com.br/processos/DF/BRB-BANCO-DE-BRASILIA-SA-3635/PE-055-2026-2026-499166
2026-09-25,2026-09-25,1,Banco Central,BCB_Open_Finance_jornada_otimizada_Pix_2026,"Contexto recente: o BC informou que clientes podem autorizar compartilhamento de saldo e limite ao conectar conta no Pix por aproximacao ou em transferencias automaticas via Open Finance, usando APIs padronizadas, consentimento explicito e autenticacao forte.",Banco_Central; Open_Finance; Pix_por_Aproximacao; APIs; Consentimento,,Regulatorio_open_finance_pagamentos,Aproxima_Open_Finance_de_jornadas_transacionais_de_pagamento_em_tempo_real,Consentimento_autenticacao_forte_privacidade_e_obrigacoes_das_instituicoes_detentoras,Muito alta,https://www.bcb.gov.br/detalhenoticia/21170/noticia
2026-09-25,2026-09-25,1,Banco Central,BCB_Pix_aproximacao_limites_2026_10,"Regra com vigencia proxima: a IN BCB 746 retira em 01/10/2026 o teto fixo de R$ 500 para Pix por aproximacao e JSR no Open Finance, exigindo adaptacao operacional pelas instituicoes.",Banco_Central; Pix_por_Aproximacao; Open_Finance; JSR; Limites,,Regulatorio_pagamentos_proximo_prazo,Muda_parametrizacao_de_limites_e_jornada_de_pagamentos_em_apps_e_carteiras,Gestao_de_limites_segurança_transacional_e_comunicacao_ao_cliente,Muito alta,https://www.bcb.gov.br/detalhenoticia/21169/noticia
2026-09-25,2026-09-25,1,Banco do Brasil,BBTS_NDR_network_detection_2026_09_25,"A BBTS mantem LE 2026/18 para aquisicao de duas solucoes/appliances NDR, com licenciamento para monitorar no minimo 7.000 dispositivos de rede, instalacao, implantacao, suporte, atualizacoes e passagem de conhecimento.",BBTS; NDR; Network_Detection_Response; Seguranca,,Compra_publica_ecossistema_BB,Demanda_de_ciberseguranca_de_rede_no_conglomerado_Banco_do_Brasil,Visibilidade_de_trafego_deteccao_de_ameacas_e_governanca_de_implantacao,Muito alta,https://licitacoes.bbts.com.br/licitacao-eletronica/
2026-09-25,2026-09-25,1,Banco do Brasil,BBTS_PCA_2026_microsegmentacao_wifi_IBM,"Contexto recente: o PCA 2026 da BBTS lista iniciativas de microsegmentacao para dificultar movimentacao lateral, NDR, Shodan, auditoria ISO/IEC 27001:2022, treinamento cibernetico, IBM Sterling B2B e nova solucao de access point/controladora em nuvem.",BBTS; Microsegmentacao; NDR; Shodan; ISO_27001; IBM; Access_Point,IBM,Planejamento_anual_TI_e_seguranca,Mapa_de_demanda_de_rede_segurança_e_integracao_no_ecossistema_BB,Priorizacao_orcamentaria_controles_de_rede_certificacao_e_fornecedores,Muito alta,https://licitacoes.bbts.com.br/wp-content/uploads/2026/04/20260402_PCA_2026_BBTS_-_Consolidado_Geral.pdf
2026-09-25,2026-09-25,1,Banco do Brasil,BB_IA_agentica_cambio_Microsoft_2026_08,"Contexto recente: o Banco do Brasil informou reducao de ate 90% no tempo de operacoes de cambio de grandes empresas com agente autonomo de IA desenvolvido em Microsoft Foundry, mantendo validacao final por equipes especializadas.",Banco_do_Brasil; Microsoft_Foundry; IA_Agentica; Cambio,,Institucional_TI_e_operacoes,IA_agentica_em_processo_financeiro_complexo_e_regulado,Conformidade_operacional_validacao_humana_e_uso_seguro_de_documentos,Muito alta,https://imprensa.bb.com.br/banco-do-brasil-reduz-em-90-o-tempo-de-operacoes-de-cambio-com-agente-autonomo-de-ia/
2026-09-25,2026-09-25,1,Banco do Brasil,BB_IA_agentica_governanca_2026_08,"Contexto recente: o Banco do Brasil informou diretrizes especificas para IA generativa e agentica, incluindo Genera BB, governanca, seguranca, conformidade e AcademIA BB 2026 com mais de 36 mil inscritos.",Banco_do_Brasil; IA_Generativa; IA_Agentica; Genera_BB; AcademIA_BB,,Institucional_governanca_IA,Maturidade_de_governanca_para_uso_corporativo_de_IA_em_escala,Gestao_de_risco_transparencia_segurança_e_conformidade_de_modelos,Muito alta,https://imprensa.bb.com.br/bb-e-pioneiro-global-em-diretrizes-para-ia-generativa-e-agentica/
2026-09-25,2026-09-25,1,Banco do Brasil,BB_RFP_Red_Hat_datacenters_2026_09_25,"O Banco do Brasil mantem RFP 2026/004557 para subsidiar futura contratacao de subscricao, atualizacao, upgrade, manutencao e suporte remoto de Red Hat Enterprise Linux for Datacenters para o Conglomerado Banco do Brasil.",Banco_do_Brasil; Red_Hat; RHEL; Datacenters,,Consulta_publica_TI,Renovacao_e_sustentacao_de_plataforma_linux_em_datacenters_do_conglomerado,Suporte_fabricante_ciclo_de_vida_continuidade_e_padronizacao_de_sistemas,Muito alta,https://www.bb.com.br/site/compras-contratacao-e-venda-de-imoveis/compras-e-contratacoes/avisos-e-editais/
2026-09-25,2026-09-25,1,CAIXA,Caixa_Bolsa_Familia_NIS7_2026_09_25,"Em 25/09/2026, calendario publico do Bolsa Familia aponta pagamento de setembro para beneficiarios com NIS final 7, com consulta e movimentacao por canais como Caixa Tem, aplicativo Bolsa Familia e rede de atendimento.",CAIXA; CAIXA_Tem; Bolsa_Familia; App_Bolsa_Familia; MDS,,Pagamentos_sociais_e_canais_digitais,Pagamentos_publicos_de_alta_escala_dependem_de_contas_digitais_e_canais_remotos,Continuidade_de_beneficios_segurança_de_acesso_e_disponibilidade,Muito alta,https://www.gov.br/mds/pt-br/acoes-e-programas/bolsa-familia/informes/2026/informe_bolsa_familia_n_104.pdf
2026-09-25,2026-09-25,1,CAIXA,Caixa_Pe_de_Meia_2026_09_25,"A pagina oficial da CAIXA para Pe-de-Meia mostra pagamento em 25/09/2026 no bloco de setembro/outubro, com contas Poupanca Social Digital ou Poupanca CAIXA Tem e atendimento por canais oficiais do MEC.",CAIXA; Pe_de_Meia; CAIXA_Tem; Poupanca_Social_Digital; MEC,,Institucional_programa_social,Escala_de_pagamentos_educacionais_em_canais_digitais_da_CAIXA,Disponibilidade_de_canais_oficiais_contas_digitais_e_comunicacao_ao_beneficiario,Muito alta,https://www.caixa.gov.br/programas-sociais/pe-de-meia/Paginas/default.aspx
2026-09-25,2026-09-25,1,CAIXA,Caixa_greve_canais_digitais_2026_09,"Contexto recente: Agencia Brasil registrou greve nacional da CAIXA em setembro e orientacao para uso de App CAIXA, Internet Banking, WhatsApp, CAIXA Tem, autoatendimento, Banco24Horas, lotericas e Correspondentes CAIXA Aqui.",CAIXA; CAIXA_Tem; App_CAIXA; WhatsApp; Banco24Horas; Lotericas,,Midia_publica_operacional,Continuidade_operacional_de_canais_digitais_e_remotos_em_crise_trabalhista,Dependencia_de_canais_digitais_rede_alternativa_e_jornadas_remotas,Muito alta,https://agenciabrasil.ebc.com.br/economia/noticia/2026-09/caixa-entra-em-greve-nacional-bb-tem-paralisacao-parcial
2026-09-25,2026-09-25,1,Sicoob,Sicoob_Sebah_IA_operacoes_TI_2026_09,"Em setembro/2026, o Sicoob anunciou o Sebah, agente de IA para apoiar operacoes de TI em automacao de processos, analise de dados e geracao de informacoes, desenvolvido sobre o framework corporativo Sisbr IA.",Sicoob; Sebah; Sisbr_IA; Operacoes_de_TI; IA,,Institucional_TI_e_operacoes,IA_aplicada_a_operacoes_de_TI_e_tomada_de_decisao,Governanca_de_modelos_dados_operacionais_e_controle_humano,Muito alta,https://www.sicoob.com.br/web/sicoobcredicopa/noticias/-/asset_publisher/xAioIawpOI5S/content/id/325742018
2026-09-25,2026-09-25,1,BRB,BRB_RI_documentos_CVM_2026,"A pagina de RI do BRB seguia listando documentos CVM e comunicados ao mercado de 2026, inclusive esclarecimentos sobre noticias envolvendo Banco Master e comunicados de junho, mas sem novo documento publico relevante em 25/09.",BRB; CVM; RI; Banco_Master,,RI_e_governanca,Monitoramento_de_divulgacao_formal_em_meio_a_crise_prudencial,Transparencia_ao_mercado_e_tempestividade_de_comunicados,Alta,https://ri.brb.com.br/pt/documentos-cvm
2026-09-25,2026-09-25,1,Banco Central,BCB_RPM_3T2026_coletiva_2026_09_24,"O Banco Central realizou em 24/09/2026 a agenda de apresentacao e coletiva do Relatorio de Politica Monetaria do terceiro trimestre, com Gabriel Galipolo e Paulo Picchetti, mantendo sinalizacao macroprudencial relevante para bancos.",Banco_Central; Relatorio_de_Politica_Monetaria; Gabriel_Galipolo; Paulo_Picchetti,,Agenda_oficial_regulatoria,Sinalizacao_macroprudencial_que_afeta_bancos_credito_liquidez_e_tesouraria,Governanca_de_comunicacao_regulatoria_e_risco_de_mercado,Alta,https://www.bcb.gov.br/detalhenoticia/21260/nota
2026-09-25,2026-09-25,1,Banco do Brasil,BB_pre_qualificacao_endpoint_2026_09,"A pagina de avisos do BB lista pre-qualificacao tecnica permanente 2026/0001 para fornecedores, com contato por gestaoendpoint@bb.com.br, sinalizando agenda de padronizacao e rastreabilidade em endpoints.",Banco_do_Brasil; Endpoint; Fornecedores; Gestaoendpoint,,Pre_qualificacao_TI,Pipeline_de_fornecedores_para_endpoint_e_ambiente_de_trabalho,Rastreabilidade_de_fornecedores_privacidade_e_conformidade_em_endpoint,Alta,https://www.bb.com.br/site/compras-contratacao-e-venda-de-imoveis/compras-e-contratacoes/avisos-e-editais/
2026-09-25,2026-09-25,1,Banco do Brasil,CNN_BB_agente_IA_comex_2026_09,"Fonte externa recente: CNN Brasil reportou, a partir do Comex Tech Forum 2026, que o BB usa agente autonomo no processo de cambio, reforcando a tese de IA aplicada a comercio exterior.",Banco_do_Brasil; CNN_Brasil; IA_Agentica; Comex,,Midia_setorial_tecnologia,Validacao_externa_da_aplicacao_de_IA_em_processo_de_cambio,Risco_operacional_em_documentos_fluxos_regulados_e_validacao_humana,Alta,https://www.cnnbrasil.com.br/economia/money/inteligencia-artificial/do-cambio-a-logistica-empresas-ampliam-uso-de-agentes-de-ia/
2026-09-25,2026-09-25,1,CAIXA,Caixa_INSS_beneficios_sociais_2026_09_25,"A pagina de beneficios do trabalhador da CAIXA registra calendario de beneficios INSS de ate um salario minimo com pagamento em 25/09/2026 para final 2, conectando App Beneficios Sociais CAIXA e canais de consulta.",CAIXA; INSS; Beneficios_Sociais; App_Beneficios_Sociais_CAIXA,,Institucional_pagamentos_sociais,Mais_um_fluxo_de_pagamento_de_massa_em_canais_e_rede_CAIXA,Continuidade_de_atendimento_identidade_digital_e_disponibilidade_de_canais,Alta,https://www.caixa.gov.br/beneficios-trabalhador/inss/Paginas/default.aspx
2026-09-25,2026-09-25,1,CAIXA,Caixa_Parcelar_Pix_app_2026_09_03,"Contexto recente: em 03/09/2026, a CAIXA disponibilizou Parcelar Pix no App CAIXA para clientes elegiveis, com contratacao de credito na transacao, valores de R$ 300 a R$ 50 mil, prazo de ate 12 meses e exibicao de CET/IOF.",Pix; App_CAIXA; Credito_Digital; CET; IOF,,Institucional_produto_digital,Produto_digital_de_credito_embutido_no_fluxo_de_pagamentos_instantaneos,Transparencia_CET_IOF_analise_de_risco_e_credito_responsavel,Alta,https://caixanoticias.caixa.gov.br/Paginas/Not%C3%ADcias/2026/09-SETEMBRO/CAIXA-disponibiliza-Parcelar-Pix-aos-clientes-.aspx
2026-09-25,2026-09-25,1,Sicoob,TIInside_Sicoob_SuperApp_2026_09,"Fonte setorial adicional: TI Inside repercutiu a nova versao do app Sicoob com IA generativa, Open Finance, cartoes de informacao financeira e assistente conversacional, ampliando a cobertura externa da pauta.",Sicoob; TI_Inside; SuperApp; Open_Finance; IA_Generativa,,Midia_setorial_tecnologia,Reforco_de_mercado_para_modernizacao_do_SuperApp_e_jornada_de_dados,Consentimento_Open_Finance_privacidade_e_disponibilidade_do_app,Alta,https://tiinside.com.br/it/01/09/2026/nova-versao-do-app-sicoob-incorpora-ia-e-open-finance/
2026-09-24,2026-09-24,1,BRB,BCB_nota_supervisao_Master_BRB_2026,"O Banco Central informou que sua area de Supervisao identificou inconsistencias nas cessões de carteiras de credito do Banco Master para o BRB, comunicou ilicitos ao MPF e aplicou medida prudencial preventiva ao BRB.",Banco_Central; BRB; Banco_Master; MPF,,Regulatorio_oficial,Supervisao_prudencial_e_contencao_de_operacoes_com_impacto_sobre_liquidez,Capital_liquidez_controles_de_credito_e_governanca_de_cessao,Muito alta,https://www.bcb.gov.br/detalhenoticia/21005/nota
2026-09-24,2026-09-25,2,Banco Central,BCB_IN_774_MED_fraudes_2026,"Nota do Banco Central sobre a IN BCB 774 informa nova jornada de contestacao no Mecanismo Especial de Devolucao, com classificacao orientada de golpe ou fraude e possibilidade de anexar documentos e comprovantes.",Banco_Central; Pix; MED; Fraude; Contestacao,,Regulatorio_antifraude,Melhora_a_experiencia_de_contestacao_e_a_qualidade_das_evidencias_em_fraudes_Pix,Tratamento_de_fraude_documentacao_privacidade_e_prazos_operacionais,Muito alta,https://www.bcb.gov.br/detalhenoticia/21251/nota
2026-09-24,2026-09-25,2,Banco Central,BCB_IN_777_manual_fluxos_Pix_2026_09_18,"A IN BCB 777, de 18/09/2026, divulgou a versao 2.2 do Manual de Fluxos do Processo de Efetivacao do Pix, com vigencia em 01/02/2027 e ajustes para cobrancas hibridas.",Banco_Central; Pix; Manual_de_Fluxos; Cobranca_Hibrida,,Regulatorio_tecnico_pagamentos,Atualizacao_de_manual_tecnico_do_Pix_com_impacto_em_implementacoes_de_participantes,Conformidade_tecnica_prazos_de_implantacao_e_testes_de_integracao,Muito alta,https://www.bartolo.website/2026-09-21.html
2026-09-24,2026-09-25,2,Banco Central,BCB_Resolucao_587_Pix_2026_09_18,"A Resolucao BCB 587, de 18/09/2026, alterou o Regulamento do Pix para tratar de Pix Automatico em conta-salario, cobranca hibrida, requisitos de participacao, perda de condicao de participante, suspeita de fraude e recursos contra decisoes do BC.",Banco_Central; Pix; Pix_Automatico; Conta_Salario; Cobranca_Hibrida,,Regulatorio_pagamentos,Altera_regras_do_arranjo_Pix_e_obriga_instituicoes_a_revisar_processos_e_controles,Criterios_de_participacao_fraude_exclusao_e_recursos_administrativos,Muito alta,https://www.bcb.gov.br/estabilidadefinanceira/exibenormativo?numero=587&tipo=Resolu%C3%A7%C3%A3o+BCB
2026-09-24,2026-09-25,2,Banco Central,BCB_segurança_cibernetica_nuvem_2026,"Nota do BC sobre politica de seguranca cibernetica e nuvem exige gestao de certificados, rastreabilidade, testes de intrusao, controles de acesso, protecao de rede e requisitos para RSFN, Pix e STR.",Banco_Central; CMN; RSFN; Pix; STR; Nuvem; Seguranca_Cibernetica,,Regulatorio_ciber_nuvem,Eleva_requisitos_de_ciberseguranca_e_contratacao_de_processamento_nuvem_para_instituicoes_autorizadas,Auditoria_certificados_acessos_terceiros_resiliencia_e_continuidade,Muito alta,https://www.bcb.gov.br/detalhenoticia/20979/nota
2026-09-24,2026-09-24,1,Banco do Brasil,BBTS_NDR_network_detection_2026_09_24,"A BBTS lista LE 2026/18 para aquisicao de duas solucoes/appliances NDR, com licenciamento para monitorar no minimo 7.000 dispositivos de rede, instalacao, implantacao, suporte, atualizacoes e passagem de conhecimento.",BBTS; NDR; Network_Detection_Response; Seguranca,,Compra_publica_ecossistema_BB,Demanda_de_ciberseguranca_de_rede_no_conglomerado_Banco_do_Brasil,Visibilidade_de_trafego_deteccao_de_ameacas_e_governanca_de_implantacao,Muito alta,https://licitacoes.bbts.com.br/licitacao-eletronica/
2026-09-24,2026-09-24,1,Banco do Brasil,BB_RFP_Red_Hat_datacenters_2026_09_24,"O Banco do Brasil publicou RFP 2026/004557 para subsidiar futura contratacao de subscricao, atualizacao, upgrade, manutencao e suporte remoto de Red Hat Enterprise Linux for Datacenters para o Conglomerado Banco do Brasil.",Banco_do_Brasil; Red_Hat; RHEL; Datacenters,,Consulta_publica_TI,Renovacao_e_sustentacao_de_plataforma_linux_em_datacenters_do_conglomerado,Suporte_fabricante_ciclo_de_vida_continuidade_e_padronizacao_de_sistemas,Muito alta,https://www.bb.com.br/site/compras-contratacao-e-venda-de-imoveis/compras-e-contratacoes/avisos-e-editais/
2026-09-24,2026-09-24,1,CAIXA,Caixa_Bolsa_Familia_NIS6_2026_09_24,"Em 24/09/2026, calendario publico do Bolsa Familia aponta pagamento de setembro para beneficiarios com NIS final 6, com consulta e movimentacao por canais como Caixa Tem, aplicativo Bolsa Familia e rede de atendimento.",CAIXA; CAIXA_Tem; Bolsa_Familia; App_Bolsa_Familia; MDS,,Pagamentos_sociais_e_canais_digitais,Pagamentos_publicos_de_alta_escala_dependem_de_contas_digitais_e_canais_remotos,Continuidade_de_beneficios_segurança_de_acesso_e_disponibilidade,Muito alta,https://www.gov.br/mds/pt-br/acoes-e-programas/bolsa-familia/informes/2026/informe_bolsa_familia_n_104.pdf
2026-09-24,2026-09-25,2,CAIXA,Caixa_CECOT_249_fila_virtual_SaaS_2026_09,"A CECOT 249/2026 trata de solucao SaaS de fila e sala de espera virtual em nuvem publica para canais digitais da CAIXA, incluindo CAIXA Tem, FGTS, Loterias, sites e sistemas, com encerramento em 28/09/2026.",SaaS; Nuvem_Publica; CAIXA_Tem; FGTS; Loterias; Fila_Virtual,,Compra_publica_TI,Capacidade_e_resiliencia_de_acesso_em_canais_digitais_de_massa,Continuidade_disponibilidade_e_dependencia_de_nuvem_publica,Muito alta,https://guialicite.com.br/oportunidades/00360305000104-1-000691/2026
2026-09-24,2026-09-24,1,CAIXA,Caixa_Pe_de_Meia_2026_09_24,"A pagina oficial da CAIXA para Pe-de-Meia mostra 6a parcela em 24/09/2026 para estudantes nascidos em julho e agosto, com contas Poupanca Social Digital ou Poupanca CAIXA Tem e atendimento por canais oficiais.",CAIXA; Pe_de_Meia; CAIXA_Tem; Poupanca_Social_Digital; MEC,,Institucional_programa_social,Escala_de_pagamentos_educacionais_em_canais_digitais_da_CAIXA,Disponibilidade_de_canais_oficiais_contas_digitais_e_comunicacao_ao_beneficiario,Muito alta,https://www.caixa.gov.br/programas-sociais/pe-de-meia/Paginas/default.aspx
2026-09-24,2026-09-25,2,Sicoob,Sicoob_IA_documentos_Sisbr_2026_09_19,"Em 19/09/2026, publicacao do Sicoob informou aprimoramento da funcionalidade de interacao com documentos da plataforma Sisbr com uso de IA generativa na jornada de transformacao digital.",Sicoob; Sisbr; IA_Generativa; Documentos,,Institucional_TI_e_dados,Automacao_de_analise_documental_e_produtividade_interna,Privacidade_documental_governanca_de_modelos_e_controle_de_acesso,Muito alta,https://www.sicoob.com.br/web/sicoobcredijequitinhonha/noticias/-/asset_publisher/xAioIawpOI5S/content/id/247097736
2026-09-24,2026-09-25,2,Sicoob,Sicoob_Open_Finance_consentimentos_2026_09,"Publicacao do Sicoob em setembro destacou a instituicao como quinta maior em consentimentos recebidos em relacao a base de cooperados, com uso de compartilhamento seguro de dados para beneficios como aumento de limite no cartao.",Sicoob; Open_Finance; Consentimento; Cartoes,,Institucional_open_finance,Escala_de_consentimentos_e_uso_comercial_de_dados_compartilhados,Consentimento_privacidade_transparencia_e_uso_responsavel_de_dados,Muito alta,https://www.sicoob.com.br/web/sicooboestecredi/noticias/-/asset_publisher/xAioIawpOI5S/content/id/222566956
2026-09-24,2026-09-24,1,Sicoob,Sicoob_Sebah_IA_operacoes_TI_2026_09,"Em setembro/2026, o Sicoob anunciou o Sebah, agente de IA para apoiar operacoes de TI em automacao de processos, analise de dados e geracao de informacoes, desenvolvido sobre o framework corporativo Sisbr IA.",Sicoob; Sebah; Sisbr_IA; Operacoes_de_TI; IA,,Institucional_TI_e_operacoes,IA_aplicada_a_operacoes_de_TI_e_tomada_de_decisao,Governanca_de_modelos_dados_operacionais_e_controle_humano,Muito alta,https://www.sicoob.com.br/web/sicoobcreditril/noticias/-/asset_publisher/xAioIawpOI5S/content/id/325742018
2026-09-24,2026-09-25,2,Sicoob,Sicoob_SuperApp_Open_Finance_IA_2026_09,"O Sicoob iniciou em 01/09/2026 a implantacao de nova geracao do SuperApp, integrando Open Finance, IA generativa, personalizacao e assistente conversacional para texto, audio e imagem.",Sicoob; SuperApp; Open_Finance; IA_Generativa; Assistente_Conversacional,,Institucional_produto_digital,Reposicionamento_do_app_como_hub_de_vida_financeira_e_transacoes,Privacidade_consentimento_governanca_de_dados_e_segurança_de_jornada,Muito alta,https://www.sicoob.com.br/web/sicoobcentralscrs/noticias/-/asset_publisher/xAioIawpOI5S/content/id/326354161
2026-09-24,2026-09-24,1,Banco Central,BCB_Pix_aproximacao_Open_Finance_2026,"Pagina oficial do BC sobre Pix por aproximacao explica uso de Open Finance para vincular contas a carteiras digitais, com consentimento, APIs padronizadas e autenticacao no ecossistema autorizado pelo BC.",Banco_Central; Pix_por_Aproximacao; Open_Finance; APIs; Carteiras_Digitais,,Regulatorio_open_finance_pagamentos,Integra_pagamentos_por_aproximacao_ao_ecossistema_de_open_finance_e_iniciacao_de_pagamento,Consentimento_autenticacao_segurança_de_APIs_e_responsabilidade_dos_participantes,Alta,https://www.bcb.gov.br/estabilidadefinanceira/pix-aproximacao
2026-09-24,2026-09-24,1,Banco Central,BCB_RPM_3T2026_coletiva_2026_09_24,"O Banco Central marcou para 24/09/2026 a apresentacao e coletiva do Relatorio de Politica Monetaria do terceiro trimestre, com Gabriel Galipolo e Paulo Picchetti.",Banco_Central; Relatorio_de_Politica_Monetaria; Gabriel_Galipolo; Paulo_Picchetti,,Agenda_oficial_regulatoria,Sinalizacao_macroprudencial_que_afeta_bancos_credito_liquidez_e_tesouraria,Governanca_de_comunicacao_regulatoria_e_risco_de_mercado,Alta,https://www.bcb.gov.br/detalhenoticia/21260/nota
2026-09-24,2026-09-24,1,Banco do Brasil,BBTS_Hikvision_VMI_Redsis_seguranca_2026,"A pagina publica de inaplicabilidade da BBTS lista DGCO 00866/2026 com Hikvision do Brasil Comercio de Equipamentos de Seguranca Ltda., alem de VMI Sistemas de Seguranca e Redsis Brasil em registros de 2026.",BBTS; Hikvision; VMI; Redsis; Seguranca,,Contratacao_direta_seguranca,Sinal_de_fornecedores_de_seguranca_fisica_e_tecnologia_no_ecossistema_BB,LGPD_governanca_de_contratos_rastreabilidade_e_controle_de_fornecedores,Alta,https://licitacoes.bbts.com.br/inaplicabilidade-de-licitacao/
2026-09-24,2026-09-24,1,Banco do Brasil,BB_NiCE_Copilot_CXone_AI_2026_07,Contexto recente: comunicado arquivado na SEC pela NiCE em julho de 2026 afirma que o Banco do Brasil usa NiCE Copilot na plataforma CXone AI para apoiar gerentes de relacionamento e assistentes bancarios.,Banco_do_Brasil; NiCE; CXone_AI; Copilot; IA_Agentica,,Fornecedor_tecnologia_atendimento,IA_aplicada_a_relacionamento_bancario_e_atendimento_personalizado,Governanca_de_IA_compliance_de_atendimento_e_privacidade_de_dados,Alta,https://www.sec.gov/Archives/edgar/data/1003935/000117891326003887/exhibit_99-5.htm
2026-09-24,2026-09-24,1,Banco do Brasil,BB_audiencia_monitores_workplace_2026_09,"A pagina de compras do Banco do Brasil registra audiencia publica online em setembro de 2026 para equipamentos do tipo monitores de video, com convite a fabricantes, fornecedores e integradoras.",Banco_do_Brasil; Monitores; Workplace; Fornecedores,,Consulta_publica_workplace,Sinal_de_renovacao_de_endpoint_e_padronizacao_de_ambientes_de_trabalho,Gestao_de_fornecedores_especificacao_tecnica_e_ciclo_de_vida_de_ativos,Alta,https://www.bb.com.br/site/compras-contratacao-e-venda-de-imoveis/compras-e-contratacoes/avisos-e-editais/
2026-09-24,2026-09-25,2,Sicoob,LetsMoney_Sicoob_SuperApp_2026_09,"Fonte setorial: LetsMoney reportou que o novo SuperApp Sicoob leva contas externas por Open Finance para a tela inicial e permite comandos em linguagem natural, com transicao gradual da tela antiga.",Sicoob; LetsMoney; SuperApp; Open_Finance; IA_Generativa,,Midia_setorial_tecnologia_financeira,Validacao_externa_da_tese_de_app_conversacional_e_agregador_financeiro,Experiencia_do_usuario_consentimento_e_disponibilidade_de_servicos_digitais,Alta,https://www.letsmoney.com.br/noticias/sicoob-superapp-open-finance-ia-generativa/
2026-09-24,2026-09-25,2,Sicoob,Sicoob_governanca_Associacao_Open_Finance_2026,"Contexto recente: o cooperativismo financeiro assumiu a presidencia do Conselho de Administracao da Associacao Open Finance por 20 semanas, com representante ligado a Arquitetura e Governanca de TI do Sicoob.",Sicoob; Associacao_Open_Finance; Governanca_TI; OCB,,Governanca_ecossistema,Influencia_do_cooperativismo_na_evolucao_do_Open_Finance,Governanca_setorial_regras_de_API_e_priorizacao_de_agenda,Alta,https://www.sicoob.com.br/web/sicoobcentralunicoob/noticias/-/asset_publisher/xAioIawpOI5S/content/id/312144913
2026-09-23,2026-09-24,2,BRB,BC_perda_potencial_BRB_Master_2026_09_16,"Em 16/09/2026, UOL reportou relatorio do Banco Central apontando perda potencial de R$ 11,4 bilhoes no BRB pos-Master, acima dos R$ 8,8 bilhoes considerados pelo GDF, com determinacoes de reconhecimento e reavaliacao de ativos.",Banco_Central; Banco_Master; GDF; Credcesta; Tirreno,,Regulatorio_reportado_por_midia,Supervisao_prudencial_e_reavaliacao_de_ativos_com_impacto_de_capital,Provisionamento_capital_e_transparencia_contabil,Muito alta,https://noticias.uol.com.br/colunas/natalia-portinari/2026/09/16/relatorio-do-bc-indica-rombo-potencial-de-r-114-bi-no-brb-pos-master.htm
2026-09-23,2026-09-25,3,BRB,BRB_BTG_carteira_imobiliaria_cartorio_2026_09_22,"Em 22/09/2026, reportagem republicada a partir de Metropoles/Tema Brasil mostrou que cessao de carteira imobiliaria do BRB ao BTG Pactual esta travando registros de imoveis, com exigencias de cartorio, reclamacoes ao BC e notificacoes extrajudiciais.",BRB; BTG_Pactual; Banco_Central; Carteira_Imobiliaria,,Midia_investigativa_operacional,Risco_operacional_e_reputacional_em_cessao_de_credito_imobiliario_apos_crise_de_liquidez,Transparencia_ao_cliente_documentacao_cartoraria_e_supervisao_de_reclamacoes,Muito alta,https://diariolocal.com.br/economia/venda-credito-brb-btg-registro-imoveis
2026-09-23,2026-09-24,2,BRB,BRB_venda_ativos_BTG_10bi_2026_09_17,"Em 17/09/2026, Metropoles reportou que o BRB captou R$ 10 bilhoes com venda de ativos desde a crise de liquidez gerada pelos negocios com o Banco Master, com BTG comprando mais da metade, principalmente carteiras imobiliarias do proprio BRB.",BRB; BTG_Pactual; Banco_Master; XP; Alaska,,Mídia_investigativa_financeira,Busca_de_liquidez_por_venda_de_ativos_e_reposicionamento_de_carteiras,Transparencia_ao_mercado_cessao_de_credito_e_controle_de_liquidez,Muito alta,https://www.metropoles.com/colunas/dinheiro-e-negocios/brb-vendeu-r-10-bilhoes-em-ativos-desde-crise-btg-comprou-mais-da-metade
2026-09-23,2026-09-24,2,BRB,PF_fraude_Master_BRB_17bi_2026_09_13,"Em 13/09/2026, Estadao/UOL reportou que a PF apontou cerca de R$ 17 bilhoes em fraudes entre Master e BRB, com producao massiva de documentos falsos, empresa de fachada, scripts e codigos para gerar CCBs em lote.",Policia_Federal; Banco_Master; BRB; Tirreno; CCB,,Mídia_judicial_e_investigativa,Fraude_documental_e_automatizacao_ilicita_com_impacto_em_carteiras_de_credito,Controles_de_origem_validacao_de_credito_auditoria_e_evidencias_digitais,Muito alta,https://economia.uol.com.br/noticias/estadao-conteudo/2026/09/13/pf-aponta-fraude-de-r-17-bilhoes-em-operacoes-entre-master-e-brb.htm
2026-09-23,2026-09-23,1,Banco Central,AgenciaBrasil_BC_novas_regras_Pix_2026_09_18,"Agencia Brasil registrou que as novas regras do Pix ampliam funcionalidades, reforcam seguranca e alteram criterios de participacao, incluindo suspensao imediata de instituicoes em liquidacao extrajudicial e efeito imediato para exclusao do Pix.",Banco_Central; Pix; Agencia_Brasil; Fraude; Cobranca_Hibrida,,Mídia_publica_regulatoria,Traducao_publica_do_impacto_operacional_das_mudancas_do_Pix,Controles_de_participacao_liquidacao_extrajudicial_e_protecao_ao_usuario,Muito alta,https://agenciabrasil.ebc.com.br/economia/noticia/2026-09/pix-tera-novas-regras-para-fraudes-cobranca-hibrida-e-contas-salario
2026-09-23,2026-09-23,1,Banco Central,BC_CiberLATAM_Pix_PSAV_nuvem_ciber_2026_09,"Em setembro/2026, CiberLATAM consolidou o pacote do BC como endurecimento sobre Pix, PSAV, nuvem, ciberseguranca, notificacao de incidentes e contratacao de tecnologia por bancos e fintechs.",Pix; PSAV; Nuvem; Ciberseguranca; Fintechs,,Mídia_setorial_ciberseguranca,Densidade_regulatoria_para_tecnologia_risco_operacional_e_fornecedores,Contratacao_de_nuvem_testes_controles_e_notificacao_de_incidentes,Muito alta,https://ciberlatam.com/pt/noticias/banco-central-brasil-endurece-regras-7af25255
2026-09-23,2026-09-23,1,Banco Central,BC_IN777_Manual_Fluxos_Pix_2026_09_18,"Em 18/09/2026, a IN BCB 777 divulgou a versao 2.2 do Manual de Fluxos do Processo de Efetivacao do Pix, com vigencia em 01/02/2027 e ajustes em fluxos e inclusao de tratamento das cobrancas hibridas.",Pix; Manual_de_Fluxos; Cobranca_Hibrida; Pix_Agendado; SPI,,Regulatorio_tecnico_oficial,Ajustes_tecnicos_de_fluxos_Pix_para_participantes_cores_e_iniciadores,Adequacao_de_sistemas_processos_e_testes_ate_2027,Muito alta,https://www.bartolo.website/2026-09-21.html
2026-09-23,2026-09-23,1,Banco do Brasil,BBTS_NDR_network_detection_2026_09_23,"A BBTS lista LE 2026/18 para aquisicao de duas solucoes/appliances NDR, com licenciamento para monitorar no minimo 7.000 dispositivos de rede, instalacao, implantacao, suporte, atualizacoes e passagem de conhecimento.",BBTS; NDR; Network_Detection_Response; Seguranca,,Compra_publica_ecossistema_BB,Demanda_de_ciberseguranca_de_rede_no_conglomerado_Banco_do_Brasil,Visibilidade_de_trafego_deteccao_de_ameacas_e_governanca_de_implantacao,Muito alta,https://licitacoes.bbts.com.br/licitacao-eletronica/
2026-09-23,2026-09-23,1,Banco do Brasil,BBTS_Red_Hat_datacenters_2026_09_23,"A pagina publica da BBTS lista LE 2026/20 para fornecimento de subscricoes Red Hat Enterprise Linux para datacenters virtualizados e Red Hat Runtimes, com suporte oficial do fabricante.",BBTS; Red_Hat; RHEL; Datacenters; Virtualizacao,,Compra_publica_TI_ecossistema_BB,Sustentacao_de_plataformas_corporativas_em_datacenters_virtualizados_do_conglomerado,Dependencia_de_suporte_fabricante_ciclo_de_vida_e_padronizacao_de_sistemas,Muito alta,https://licitacoes.bbts.com.br/licitacao-eletronica/
2026-09-23,2026-09-23,1,CAIXA,Caixa_Bolsa_Familia_NIS5_2026_09_23,"Em 23/09/2026, calendario publico do Bolsa Familia apontou pagamento de setembro para beneficiarios com NIS final 5, com consulta e movimentacao por canais como Caixa Tem, aplicativo Bolsa Familia e rede de atendimento.",CAIXA; CAIXA_Tem; Bolsa_Familia; App_Bolsa_Familia; MDS,,Pagamentos_sociais_e_canais_digitais,Pagamentos_publicos_de_alta_escala_dependem_de_contas_digitais_e_canais_remotos,Continuidade_de_beneficios_segurança_de_acesso_e_disponibilidade,Muito alta,https://www.gov.br/mds/pt-br/acoes-e-programas/bolsa-familia/informes/2026/informe_bolsa_familia_n_104.pdf
2026-09-23,2026-09-23,1,CAIXA,Caixa_Pe_de_Meia_2026_09_23,"A pagina oficial da CAIXA para Pe-de-Meia mostra parcela do 2o semestre em 23/09/2026 para estudantes nascidos em maio e junho, com contas Poupanca Social Digital ou Poupanca CAIXA Tem e movimentacao pelo App CAIXA Tem.",CAIXA; Pe_de_Meia; CAIXA_Tem; Poupanca_Social_Digital; MEC,,Institucional_programa_social,Escala_de_pagamentos_educacionais_em_canais_digitais_da_CAIXA,Disponibilidade_de_canais_oficiais_contas_digitais_e_comunicacao_ao_beneficiario,Muito alta,https://www.caixa.gov.br/programas-sociais/pe-de-meia/Paginas/default.aspx
2026-09-23,2026-09-24,2,CAIXA,Caixa_greve_canais_digitais_2026_09,"Agencia Brasil registrou greve nacional da CAIXA em setembro e orientacao para uso de App CAIXA, Internet Banking, WhatsApp, CAIXA Tem, autoatendimento, Banco24Horas, lotericas e Correspondentes CAIXA Aqui.",CAIXA; CAIXA_Tem; App_CAIXA; WhatsApp; Banco24Horas; Lotericas,,Mídia_publica_operacional,Continuidade_operacional_de_canais_digitais_e_remotos_em_crise_trabalhista,Dependencia_de_canais_digitais_rede_alternativa_e_jornadas_remotas,Muito alta,https://agenciabrasil.ebc.com.br/economia/noticia/2026-09/caixa-entra-em-greve-nacional-bb-tem-paralisacao-parcial
2026-09-23,2026-09-23,1,Sicoob,Sicoob_Open_Finance_200mil_consentimentos_2026_09,"Publicacao do Sicoob em setembro destacou mais de 200 mil consentimentos ativos e 140 mil cooperados unicos no Open Finance, com uso de agregador de contas e compartilhamento de dados.",Open_Finance; Consentimentos; Agregador_Financeiro; App_Sicoob,,Institucional_Open_Finance,Aquisicao_digital_personalizacao_e_expansao_de_dados_compartilhados,Consentimento_segurança_privacidade_e_governanca_de_APIs,Muito alta,https://www.sicoob.com.br/web/sicoobcrediacil/noticias/-/asset_publisher/xAioIawpOI5S/content/id/148691258
2026-09-23,2026-09-23,1,Sicoob,Sicoob_Sebah_IA_operacoes_TI_2026_09_03,"Em 03/09/2026, o Sicoob anunciou o Sebah, agente de IA para apoiar operacoes de TI em automacao de processos, analise de dados e geracao de informacoes, desenvolvido sobre o framework corporativo Sisbr IA.",Sicoob; Sebah; Sisbr_IA; Operacoes_de_TI; IA,,Institucional_TI_e_operacoes,IA_aplicada_a_operacoes_de_TI_e_tomada_de_decisao,Governanca_de_modelos_dados_operacionais_e_controle_humano,Muito alta,https://www.sicoob.com.br/web/sicoobcentrosul/noticias/-/asset_publisher/xAioIawpOI5S/content/id/325742018
2026-09-23,2026-09-23,1,Sicoob,Sicoob_SuperApp_Open_Finance_IA_2026_09_01,"Em setembro/2026, o Sicoob iniciou implantacao gradual da nova geracao do SuperApp com Open Finance, IA generativa, personalizacao e assistente conversacional para texto, audio e imagem.",SuperApp; Open_Finance; IA_Generativa; Assistente_Inteligente; Sisbr_IA,,Institucional_canal_digital,Canal_digital_conversacional_e_agregador_financeiro_para_cooperados,Segurança_consentimento_e_escalabilidade_multicooperativa,Muito alta,https://www.sicoob.com.br/web/sicoobcentralscrs/noticias/-/asset_publisher/xAioIawpOI5S/content/id/326354161
2026-09-23,2026-09-25,3,BRB,BRB_Pix_App_exclusivo_2026,"Contexto sustentado: a carta de servicos do BRB informa que o Pix e acessado exclusivamente pelo App Banco BRB, com consulta da transacao no proprio aplicativo e prazo de execucao de ate 40 segundos.",BRB; Pix; App_Banco_BRB; Banco_Central,,Institucional_canal_digital,Dependencia_de_app_proprio_para_transacoes_Pix_no_conglomerado,Disponibilidade_do_app_segurança_transacional_e_continuidade_de_pagamentos,Alta,https://novo.brb.com.br/pix-3/
2026-09-23,2026-09-23,1,Banco Central,BC_Pix_aproximacao_Open_Finance_2026,"Contexto recente: pagina oficial do Pix por aproximacao explica que carteiras digitais usam Open Finance para vincular contas, com autorizacao, consentimento, APIs e autenticacao no ecossistema autorizado pelo Banco Central.",Open_Finance; Pix_por_Aproximacao; APIs; Consentimento; Carteiras_Digitais,,Regulatorio_oficial_e_inovacao,Aprimoramento_de_pagamentos_e_iniciacao_por_Open_Finance,Seguranca_de_consentimento_autenticacao_forte_e_governanca_de_APIs,Alta,https://www.bcb.gov.br/estabilidadefinanceira/pix-aproximacao
2026-09-23,2026-09-23,1,Banco do Brasil,AgenciaBrasil_BB_canais_digitais_greve_2026_09,"Fonte externa: Agencia Brasil registrou que, durante a paralisacao parcial do Banco do Brasil em setembro, permaneciam disponiveis app, internet banking, correspondentes bancarios, central de relacionamento e WhatsApp.",Banco_do_Brasil; App_BB; Internet_Banking; WhatsApp; Correspondentes,,Mídia_publica_continuidade_operacional,Continuidade_de_atendimento_e_resiliencia_de_canais_digitais_durante_paralisacao,Disponibilidade_de_canais_remotos_e_comunicacao_com_clientes,Alta,https://agenciabrasil.ebc.com.br/economia/noticia/2026-09/caixa-entra-em-greve-nacional-bb-tem-paralisacao-parcial
2026-09-23,2026-09-23,1,Banco do Brasil,BBTS_desktops_contact_center_2026_09,"A BBTS lista LE 2026/17 para aquisicao de 1.867 desktops destinados as operacoes de Contact Center, Cobranca Extrajudicial e Microfilmagem.",BBTS; Desktops; Contact_Center; Cobranca_Extrajudicial; Microfilmagem,,Compra_publica_TI_operacional,Renovacao_de_endpoint_para_atendimento_cobranca_e_operacao_documental,Padronizacao_de_parque_suporte_ciclo_de_vida_e_seguranca_de_endpoint,Alta,https://licitacoes.bbts.com.br/licitacao-eletronica/
2026-09-23,2026-09-23,1,Banco do Brasil,BBTS_dispositivos_seguranca_LE_2026_19,"A BBTS lista LE 2026/19 para aquisicao de dispositivos de seguranca destinados ao atendimento da Assistencia Tecnica, via Ata de Registro de Preco, com certame em 21/09/2026.",BBTS; Dispositivos_de_Seguranca; Ata_de_Registro_de_Preco,,Compra_publica_seguranca,Demanda_recente_por_itens_de_seguranca_no_ecossistema_operacional_BB,Controle_de_fornecimento_padronizacao_e_rastreabilidade_de_ativos,Alta,https://licitacoes.bbts.com.br/licitacao-eletronica/
2026-09-23,2026-09-23,1,CAIXA,Caixa_CECOT_249_fila_virtual_SaaS_2026_09,"Contexto recente: a CECOT 249/2026 indicou contratacao de solucao SaaS de fila e sala de espera virtual em nuvem publica para canais digitais da CAIXA, incluindo CAIXA Tem, FGTS, Loterias, sites e sistemas, com propostas ate 28/09/2026.",SaaS; Nuvem_Publica; CAIXA_Tem; FGTS; Loterias; Fila_Virtual,,Compra_publica_TI,Capacidade_e_resiliencia_de_acesso_em_canais_digitais_de_massa,Continuidade_disponibilidade_e_dependencia_de_nuvem_publica,Alta,https://www.todaslicitacoes.com.br/licitacao/contratacao-de-empresa-para-disponibilizacao-e-brasilia-df-00360305000104-2026-691
2026-09-23,2026-09-24,2,CAIXA,Caixa_Parcelar_Pix_app_2026_09_03,"Em 03/09/2026, a CAIXA disponibilizou Parcelar Pix no App CAIXA para clientes elegiveis, com contratacao de credito na transacao, valores de R$ 300 a R$ 50 mil, prazo de ate 12 meses e exibicao de CET/IOF.",Pix; App_CAIXA; Credito_Digital; CET; IOF,,Institucional_produto_digital,Produto_digital_de_credito_embutido_no_fluxo_de_pagamentos_instantaneos,Transparencia_CET_IOF_analise_de_risco_e_credito_responsavel,Alta,https://caixanoticias.caixa.gov.br/Paginas/Not%C3%ADcias/2026/09-SETEMBRO/CAIXA-disponibiliza-Parcelar-Pix-aos-clientes-.aspx
2026-09-23,2026-09-25,3,CAIXA,Caixa_beta_novo_app_segurança_2026_08,"Contexto recente: em agosto/2026, a CAIXA iniciou beta de novo app com biometria facial, liveness, criptografia ponta a ponta, analise comportamental, inteligencia antifraude, Open Finance e integracao de servicos do CAIXA Tem.",CAIXA; Novo_App_CAIXA; Biometria_Facial; Open_Finance; CAIXA_Tem,,Institucional_modernizacao_digital,Modernizacao_de_app_unificado_com_seguranca_e_personalizacao,Privacidade_autenticacao_forte_antifraude_e_estabilidade_de_canais,Alta,https://caixanoticias.caixa.gov.br/Paginas/Not%C3%ADcias/2026/08-AGOSTO/CAIXA-inicia-fase-Beta-do-novo-aplicativo-do-banco.aspx
2026-09-23,2026-09-23,1,Sicoob,LetsMoney_Sicoob_SuperApp_OpenFinance_IA_2026_09,Fonte setorial: LetsMoney reportou que o Sicoob passou a distribuir em 01/09/2026 SuperApp reformulado com contas de outras instituicoes na tela inicial via Open Finance e assistente que aceita pedidos em linguagem natural.,LetsMoney; Sicoob; Open_Finance; IA_Generativa; SuperApp,,Mídia_setorial_financeira,Corroboracao_externa_da_evolucao_do_canal_digital_e_Open_Finance,Consentimento_experiencia_do_usuario_e_seguranca_de_iniciacao,Alta,https://www.letsmoney.com.br/noticias/sicoob-superapp-open-finance-ia-generativa/
2026-09-23,2026-09-23,1,Sicoob,Sicoob_cloud_analitico_robos_digitais_2026_09,"Contexto recente: o Sicoob informou uso de IA generativa, ambiente analitico em nuvem e cerca de 60 robos digitais 24 horas por dia em automacao de tarefas, incluindo abertura de contas.",Nuvem; Robos_Digitais; Analitico; Automacao; Abertura_de_Contas,,Institucional_TI_e_operacoes,Escalabilidade_analitica_e_automacao_operacional_em_cooperativismo_financeiro,Governanca_de_cloud_automacao_e_continuidade_operacional,Alta,https://www.sicoob.com.br/web/sicoob/noticias/-/asset_publisher/xAioIawpOI5S/content/id/236561933
2026-09-23,2026-09-23,1,Sicoob,Sicoob_presidencia_associacao_open_finance_2026_09,"Em 01/09/2026, o Sicoob divulgou que representante do cooperativismo financeiro ligado a Arquitetura e Governanca de TI do Sicoob assumiu a presidencia do Conselho de Administracao da Associacao Open Finance por 20 semanas.",Sicoob; OCB; Associacao_Open_Finance; Governanca_de_TI,,Governanca_ecossistema_Open_Finance,Influencia_do_cooperativismo_na_governanca_do_Open_Finance_brasileiro,Conformidade_consentimento_padronizacao_e_priorizacao_de_agenda,Alta,https://www.sicoob.com.br/web/sicoobcentralunicoob/noticias/-/asset_publisher/xAioIawpOI5S/content/id/312144913
2026-09-22,2026-09-22,1,BRB,BRB_BTG_carteira_imobiliaria_cartorio_2026_09_22,"Em 22/09/2026, reportagem republicada a partir de Metrópoles/Tema Brasil mostrou que cessao de carteira imobiliaria do BRB ao BTG Pactual esta travando registros de imoveis, com exigencias de cartorio, reclamacoes ao BC e notificacoes extrajudiciais.",BRB; BTG_Pactual; Banco_Central; Carteira_Imobiliaria,,Mídia_investigativa_operacional,Risco_operacional_e_reputacional_em_cessao_de_credito_imobiliario_apos_crise_de_liquidez,Transparencia_ao_cliente_documentacao_cartoraria_e_supervisao_de_reclamacoes,Muito alta,https://www.brclaro.com/noticias/venda-de-carteira-de-credito-do-brb-para-o-btg-trava-registro-de-imoveis-c1765b98a7
2026-09-22,2026-09-22,1,BRB,BRB_venda_ativos_BTG_10bi_2026_09_17,"Em 17/09/2026, Metrópoles reportou que o BRB captou R$ 10 bilhoes com venda de ativos desde a crise de liquidez gerada pelos negocios com o Banco Master, com BTG comprando mais da metade, principalmente carteiras imobiliarias do proprio BRB.",BRB; BTG_Pactual; Banco_Master; XP; Alaska,,Mídia_investigativa_financeira,Busca_de_liquidez_por_venda_de_ativos_e_reposicionamento_de_carteiras,Transparencia_ao_mercado_cessao_de_credito_e_controle_de_liquidez,Muito alta,https://www.metropoles.com/colunas/dinheiro-e-negocios/brb-vendeu-r-10-bilhoes-em-ativos-desde-crise-btg-comprou-mais-da-metade
2026-09-22,2026-09-23,2,Banco Central,BC_ciberseguranca_RSFN_Pix_nuvem_2026,"Contexto sustentado: nota do BC sobre seguranca cibernetica e nuvem exige gestao de certificados, rastreabilidade, testes de intrusao, controles de acesso, protecao de rede e requisitos de comunicacao com RSFN, Pix e STR.",Pix; RSFN; STR; Nuvem; Seguranca_Cibernetica,,Regulatorio_oficial,Densidade_regulatoria_sobre_segurança_cibernetica_e_fornecedores_de_tecnologia,Contratacao_de_nuvem_controles_anuais_testes_e_supervisao,Muito alta,https://www.bcb.gov.br/detalhenoticia/20979/nota
2026-09-22,2026-09-22,1,Banco do Brasil,BBTS_NDR_network_detection_2026_09_22,"Em 22/09/2026, a BBTS manteve disputa da LE 2026/18 para duas solucoes/appliances NDR com monitoramento minimo de 7.000 dispositivos de rede, instalacao, implantacao, suporte e atualizacoes.",BBTS; NDR; Network_Detection_Response; Seguranca,,Compra_publica_ecossistema_BB,Demanda_de_ciberseguranca_de_rede_no_conglomerado_Banco_do_Brasil,Visibilidade_de_trafego_deteccao_de_ameacas_e_governanca_de_implantacao,Muito alta,https://licitacoes.bbts.com.br/wp-content/uploads/2026/08/20260831_Edital_LE_2026_18.pdf
2026-09-22,2026-09-22,1,Banco do Brasil,BBTS_Red_Hat_datacenters_2026_09_21,"A pagina publica da BBTS lista LE 2026/20 para fornecimento de subscricoes Red Hat Enterprise Linux para datacenters virtualizados e Red Hat Runtimes, com suporte oficial do fabricante.",BBTS; Red_Hat; RHEL; Datacenters; Virtualizacao,,Compra_publica_TI_ecossistema_BB,Sustentacao_de_plataformas_corporativas_em_datacenters_virtualizados_do_conglomerado,Dependencia_de_suporte_fabricante_ciclo_de_vida_e_padronizacao_de_sistemas,Muito alta,https://licitacoes.bbts.com.br/
2026-09-22,2026-09-24,3,Banco do Brasil,BB_IA_agentica_cambio_Microsoft_2026_08,"Contexto recente: o Banco do Brasil informou que reduziu em ate 90% o tempo de operacoes de cambio de grandes empresas com agente autonomo de IA desenvolvido em Microsoft Foundry, mantendo validacao final por equipes especializadas.",Banco_do_Brasil; Microsoft_Foundry; IA_Agentica; Cambio,,Institucional_TI_e_operacoes,IA_agentica_em_processo_financeiro_complexo_e_regulado,Conformidade_operacional_validacao_humana_e_uso_seguro_de_documentos,Muito alta,https://imprensa.bb.com.br/banco-do-brasil-reduz-em-90-o-tempo-de-operacoes-de-cambio-com-agente-autonomo-de-ia/
2026-09-22,2026-09-22,1,Banco do Brasil,Stefanini_BB_IA_credito_numerario_2026_09,"Fonte nao pertencente ao banco: Stefanini divulgou projetos com o Banco do Brasil em IA para credito PJ e logistica de numerario, com estimativa de R$ 23 milhoes/ano de economia e mais de 8 mil horas-homem/ano de eficiencia.",Stefanini; Banco_do_Brasil; IA; Credito_PJ; Numerario,,Parceiro_tecnologico,IA_operacional_em_processos_criticos_de_credito_e_operacao_fisica,Governanca_de_modelos_qualidade_de_decisao_e_dependencia_de_fornecedor,Muito alta,https://stefanini.com/pt/newsroom/grupo-stefanini-e-banco-do-brasil-geram-r-23-milhoes-em-economia-ao-ano-e-8-mil-horas-de-eficiencia-com-ia/
2026-09-22,2026-09-22,1,CAIXA,Caixa_Bolsa_Familia_NIS4_2026_09_22,"Em 22/09/2026, fonte publica informou pagamento do Bolsa Familia de setembro para beneficiarios com NIS final 4, preferencialmente em Poupanca CAIXA ou conta CAIXA Tem, com movimentacao por app, lotericas, correspondentes e autoatendimento.",CAIXA; CAIXA_Tem; Bolsa_Familia; Poupanca_CAIXA; Correspondentes,,Mídia_publica_pagamentos_sociais,Pagamentos_publicos_de_alta_escala_dependem_de_canais_digitais_e_rede_alternativa,Continuidade_de_beneficios_segurança_de_acesso_e_disponibilidade,Muito alta,https://skillard.net/n/bolsa-familia-beneficiarios-com-nis-final-4-recebem-nesta-terca-feira-22-pcxa260818
2026-09-22,2026-09-22,1,CAIXA,Caixa_greve_mantida_2026_09_22,"Em 21/09/2026, Exame reportou que empregados da CAIXA rejeitaram proposta e mantiveram a greve para 22/09/2026, preservando atendimento por App CAIXA, Internet Banking, WhatsApp, CAIXA Tem, autoatendimento, lotericas e correspondentes.",CAIXA; CAIXA_Tem; App_CAIXA; WhatsApp; Banco24Horas,,Mídia_setorial_operacional,Continuidade_operacional_de_canais_digitais_e_remotos_em_crise_trabalhista,Dependencia_de_canais_digitais_rede_alternativa_e_jornadas_remotas,Muito alta,https://exame.com/brasil/greve-da-caixa-bancarios-rejeitam-proposta-e-paralisacao-continua/
2026-09-22,2026-09-22,1,BRB,Senado_GT_Master_requerimentos_BRB_2026,"Contexto recente: notas taquigraficas do Senado registram requerimentos do GT Master para discutir governanca, supervisao, protecao de recursos publicos, impactos fiscais e operacoes envolvendo Banco Master e BRB.",Senado; BRB; Banco_Master; GDF; RPPS,,Controle_publico_legislativo,Pressao_institucional_e_governanca_publica_sobre_crise_BRB_Master,Prestacao_de_contas_supervisao_e_impacto_fiscal_prudencial,Alta,https://www.congressonacional.leg.br/web/atividade/notas-taquigraficas/-/notas/r/14829
2026-09-22,2026-09-22,1,Banco Central,BC_Open_Finance_Pix_aproximacao_2026,"Contexto recente: o Banco Central comunicou jornada otimizada no Open Finance para compartilhamento de saldo e limite em Pix por aproximacao e transferencias inteligentes, com consentimento explicito, APIs padronizadas e autenticacao forte.",Open_Finance; Pix_por_Aproximacao; APIs; Consentimento; Carteiras_Digitais,,Regulatorio_oficial_e_inovacao,Aprimoramento_de_pagamentos_e_iniciacao_por_Open_Finance,Seguranca_de_consentimento_autenticacao_forte_e_governanca_de_APIs,Alta,https://www.bcb.gov.br/detalhenoticia/21170/noticia
2026-09-22,2026-09-22,1,Banco do Brasil,BBTS_dispositivos_seguranca_LE_2026_19,"A BBTS lista LE 2026/19 para aquisicao de dispositivos de seguranca destinados ao atendimento da Assistencia Tecnica, via Ata de Registro de Preco, com certame em 21/09/2026.",BBTS; Dispositivos_de_Seguranca; Ata_de_Registro_de_Preco,,Compra_publica_seguranca,Demanda_recente_por_itens_de_seguranca_no_ecossistema_operacional_BB,Controle_de_fornecimento_padronizacao_e_rastreabilidade_de_ativos,Alta,https://licitacoes.bbts.com.br/
2026-09-22,2026-09-22,1,Banco do Brasil,BB_novo_app_conversacional_2026_08,"Contexto recente: o novo App BB incorporou jornadas conversacionais por texto ou voz, assistente integrado, dados e personalizacao, com expansao gradual para todos os clientes ate o fim de setembro de 2026.",App_BB; IA; Assistente_Conversacional; Dados; Personalizacao,,Institucional_canal_digital,Modernizacao_de_canal_mobile_e_reducao_de_friccao_em_jornadas_digitais,Governanca_de_IA_privacidade_acessibilidade_e_estabilidade_de_plataforma,Alta,https://imprensa.bb.com.br/banco-do-brasil-lanca-novo-app/
2026-09-22,2026-09-22,1,CAIXA,Caixa_CECOT_249_fila_virtual_SaaS_2026_09_03,"Contexto recente: a CECOT 249/2026 indicou contratacao de solucao SaaS de fila e sala de espera virtual em nuvem publica para canais digitais da CAIXA, incluindo CAIXA Tem, FGTS, Loterias, sites e sistemas, com propostas ate 28/09/2026.",SaaS; Nuvem_Publica; CAIXA_Tem; FGTS; Loterias; Fila_Virtual,,Compra_publica_TI,Capacidade_e_resiliencia_de_acesso_em_canais_digitais_de_massa,Continuidade_disponibilidade_e_dependencia_de_nuvem_publica,Alta,https://www.todaslicitacoes.com.br/licitacao/contratacao-de-empresa-para-disponibilizacao-e-brasilia-df-00360305000104-2026-691
2026-09-22,2026-09-22,1,CAIXA,Caixa_Pe_de_Meia_2026_09_22,"A pagina oficial da CAIXA para Pe-de-Meia mostra parcelas de 22/09/2026 no calendario de 2026, reforcando carga operacional em contas digitais, canais oficiais e atendimento remoto.",CAIXA; Pe_de_Meia; CAIXA_Tem; Poupanca_CAIXA,,Institucional_programa_social,Escala_de_pagamentos_educacionais_em_canais_digitais_da_CAIXA,Disponibilidade_de_canais_oficiais_e_comunicacao_ao_beneficiario,Alta,https://www.caixa.gov.br/programas-sociais/pe-de-meia/Paginas/default.aspx
2026-09-22,2026-09-22,1,Sicoob,Sicoob_Credisul_conselho_fiscal_2026_2028,"Fonte regional do sistema Sicoob destacou posse de novos membros do Conselho Fiscal da Sicoob Credisul para a gestao 2026-2028, reforcando acompanhamento da gestao, fiscalizacao e seguranca aos cooperados.",Sicoob_Credisul; Conselho_Fiscal; Governanca; Cooperados,,Institucional_cooperativa_regional,Governanca_local_e_controle_em_cooperativa_do_sistema_Sicoob,Fiscalizacao_de_gestao_transparencia_e_protecao_de_cooperados,Media,https://sicoobcredisul.com.br/
2026-09-21,2026-09-21,1,BRB,BRB_GDF_comissao_recuperacao_ativos_2026_09_18,"Em 18/09/2026, Folha C-Level reportou que o GDF criou comissao especial para recuperar ativos e reparar danos ao BRB apos o caso Master, com interacao prevista com MP, Judiciario, Banco Central e FGC.",GDF; BRB; Banco_Master; Banco_Central; FGC; Ministerio_Publico,,Mídia_setorial_governanca,Resposta_institucional_para_recuperacao_de_ativos_e_ressarcimento_em_crise_bancaria,Governanca_de_recuperacao_transparencia_e_interacao_com_orgao_de_controle,Muito alta,https://c-level.folha.uol.com.br/financas/2026/09/governo-do-df-cria-comissao-especial-para-reaver-ativos-e-reparar-danos-ao-brb-apos-caso-master.shtml
2026-09-21,2026-09-21,1,BRB,BRB_Master_Moraes_Vorcaro_cronologia_2026_09_21,"Em 21/09/2026, Folha publicou cronologia da relacao entre Alexandre de Moraes e Daniel Vorcaro, incluindo contrato de R$ 131 milhoes entre o Banco Master e escritorio ligado a familia do ministro, ampliando a sensibilidade institucional do caso Master/BRB.",Banco_Master; Daniel_Vorcaro; STF; Alexandre_de_Moraes; BRB,,Mídia_judicial_e_investigativa,Pressao_reputacional_e_governanca_institucional_em_crise_bancaria,Conflito_de_interesses_sigilo_investigativo_e_governanca_de_crise,Muito alta,https://www1.folha.uol.com.br/poder/2026/09/veja-cronologia-da-relacao-de-moraes-e-vorcaro-ate-a-prisao-de-ex-banqueiro-segundo-mensagens.shtml
2026-09-21,2026-09-22,2,BRB,PF_fraude_Master_BRB_17bi_2026_09_13,"Em 13/09/2026, Estadão/UOL reportou que a PF apontou cerca de R$ 17 bilhoes em fraudes entre Master e BRB, com producao massiva de documentos falsos, empresa de fachada, scripts e codigos para gerar CCBs em lote.",Policia_Federal; Banco_Master; BRB; Tirreno; CCB,,Mídia_judicial_e_investigativa,Fraude_documental_e_automatizacao_ilicita_com_impacto_em_carteiras_de_credito,Controles_de_origem_validacao_de_credito_auditoria_e_evidencias_digitais,Muito alta,https://economia.uol.com.br/noticias/estadao-conteudo/2026/09/13/pf-aponta-fraude-de-r-17-bilhoes-em-operacoes-entre-master-e-brb.htm
2026-09-21,2026-09-23,3,BRB,TimesBrasil_BRB_perda_potencial_2026_09_17,"Em 17/09/2026, Times Brasil tambem reportou que relatorio do Banco Central aponta perda potencial de ate R$ 11,4 bilhoes no BRB, apos aquisicao de R$ 33,9 bilhoes em ativos ligados ao Master e empresas relacionadas.",Banco_Central; Banco_Master; BRB; Ativos; Capitalizacao,,Mídia_setorial_financeira,Corroboracao_publica_de_perda_potencial_e_pressao_de_capital,Transparencia_de_balancos_avaliacao_de_ativos_e_governanca_prudencial,Muito alta,https://timesbrasil.com.br/brasil/relatorio-do-bc-aponta-perda-potencial-de-r-114-bilhoes-no-brb-apos-operacoes-com-master/
2026-09-21,2026-09-22,2,Banco Central,BC_IN777_Manual_Fluxos_Pix_2026_09_18,"Em 18/09/2026, a IN BCB 777 divulgou a versao 2.2 do Manual de Fluxos do Processo de Efetivacao do Pix, com vigencia em 01/02/2027, ajustes em fluxos e inclusao de tratamento das cobrancas hibridas.",Pix; Manual_de_Fluxos; Cobranca_Hibrida; Pix_Agendado; SPI,,Regulatorio_tecnico_oficial,Ajustes_tecnicos_de_fluxos_Pix_para_participantes_cores_e_iniciadores,Adequacao_de_sistemas_processos_e_testes_ate_2027,Muito alta,https://www.bcb.gov.br/estabilidadefinanceira/exibenormativo?numero=777&tipo=Instru%C3%A7%C3%A3o+Normativa+BCB
2026-09-21,2026-09-21,1,Banco do Brasil,BBTS_NDR_network_detection_2026_09_22,"Edital BBTS LE 2026/18, com disputa prevista para 22/09/2026, busca duas solucoes/appliances NDR para monitoramento minimo de 7.000 dispositivos de rede, instalacao, implantacao, suporte e atualizacoes.",BBTS; NDR; Network_Detection_Response; Seguranca,,Compra_publica_ecossistema_BB,Demanda_de_ciberseguranca_de_rede_no_conglomerado_Banco_do_Brasil,Visibilidade_de_trafego_e_deteccao_de_ameacas_de_rede,Muito alta,https://licitacoes.bbts.com.br/wp-content/uploads/2026/08/20260831_Edital_LE_2026_18.pdf
2026-09-21,2026-09-21,1,Banco do Brasil,BBTS_Red_Hat_datacenters_2026_09_21,"Em 21/09/2026, a pagina publica de licitacoes da BBTS lista a LE 2026/20 para fornecimento de subscricoes Red Hat Enterprise Linux para datacenters virtualizados e Red Hat Runtimes, com suporte oficial do fabricante.",BBTS; Red_Hat; RHEL; Datacenters; Virtualizacao,,Compra_publica_TI_ecossistema_BB,Sustentacao_de_plataformas_corporativas_em_datacenters_virtualizados_do_conglomerado,Dependencia_de_suporte_fabricante_ciclo_de_vida_e_padronizacao_de_sistemas,Muito alta,https://licitacoes.bbts.com.br/
2026-09-21,2026-09-21,1,Banco do Brasil,BB_diretrizes_IA_generativa_agentica_2026_08_24,"Contexto recente: em 24/08/2026, o BB informou diretrizes para IA generativa e agentica, com certificacao de modelos, governanca de agentes, rastreabilidade, niveis de autonomia e restricoes para dados sensiveis.",IA_Generativa; IA_Agentica; Gaia; Genera_BB; Copilot,,Institucional_TI_e_governanca,Governanca_de_IA_e_controles_para_agentes_autonomos_em_operacao_bancaria,Rastreabilidade_supervisao_humana_e_restricao_de_dados_sensiveis,Muito alta,https://imprensa.bb.com.br/bb-e-pioneiro-global-em-diretrizes-para-ia-generativa-e-agentica/
2026-09-21,2026-09-21,1,CAIXA,Caixa_greve_Bolsa_Familia_canais_digitais_2026_09_18,"Em 18/09/2026, Folha registrou que Bolsa Familia segue em meio a greve da CAIXA; beneficiarios usam CAIXA Tem, app, lotericas, autoatendimento, correspondentes, Internet Banking e WhatsApp.",CAIXA_Tem; Bolsa_Familia; WhatsApp; Canais_Digitais,,Mídia_setorial_e_continuidade_operacional,Continuidade_operacional_em_pagamentos_sociais_de_alta_escala,Dependencia_de_canais_digitais_e_rede_alternativa_em_crise_presencial,Muito alta,https://www1.folha.uol.com.br/mercado/2026/09/calendario-do-bolsa-familia-de-setembro-comeca-em-meio-a-greve-dos-bancarios-da-caixa.shtml
2026-09-21,2026-09-22,2,Sicoob,Sicoob_IA_documentos_RAG_copilotos_2026_09_19,"Em 19/09/2026, o Sicoob divulgou uso de IA Generativa para interacao interna com documentos, assistente integrado ao Sisbr, RAG, mais de 33 milhoes de interacoes e mais de 30 iniciativas de IA em andamento.",Sisbr; RAG; IA_Generativa; Copilotos; Nuvem; CIA,,Institucional_TI_e_governanca,IA_corporativa_em_documentos_processos_juridicos_atendimento_e_analise_de_dados,Privacidade_controle_de_dados_modelos_e_uso_interno_de_documentos,Muito alta,https://www.sicoob.com.br/web/sicoob/noticias/-/asset_publisher/xAioIawpOI5S/content/id/236561933
2026-09-21,2026-09-22,2,Sicoob,Sicoob_Open_Finance_AIS_ITP_2026_09_20,"Em 20/09/2026, o Sicoob detalhou Adesao Inteligente Sicoob em piloto, smart onboarding por compartilhamento de dados, habilitacao como ITP e teste de deposito via Pix iniciado pelo App Sicoob.",Open_Finance; AIS; Smart_Onboarding; ITP; Pix; App_Sicoob,,Institucional_Open_Finance,Aquisicao_digital_e_iniciacao_de_pagamentos_com_consentimento,Consentimento_segurança_e_experiencia_em_iniciacao_de_pagamento,Muito alta,https://www.sicoob.com.br/web/sicoob/noticias/-/asset_publisher/xAioIawpOI5S/content/id/135145671
2026-09-21,2026-09-21,1,Banco do Brasil,BBTS_dispositivos_seguranca_LE_2026_19,"Em 21/09/2026, a BBTS lista LE 2026/19 para aquisicao de dispositivos de seguranca destinados ao atendimento da Assistencia Tecnica, via Ata de Registro de Preco, com certame em 21/09/2026.",BBTS; Dispositivos_de_Seguranca; Ata_de_Registro_de_Preco,,Compra_publica_seguranca,Demanda_recente_por_itens_de_seguranca_no_ecossistema_operacional_BB,Controle_de_fornecimento_padronizacao_e_rastreabilidade_de_ativos,Alta,https://licitacoes.bbts.com.br/
2026-09-21,2026-09-21,1,CAIXA,Caixa_CECOT_249_fila_virtual_SaaS_2026_09_03,"Em 03/09/2026, a CECOT 249/2026 indicou contratacao de solucao SaaS de fila e sala de espera virtual em nuvem publica para canais digitais da CAIXA, incluindo CAIXA Tem, FGTS, Loterias, sites e sistemas, com propostas ate 28/09/2026.",SaaS; Nuvem_Publica; CAIXA_Tem; FGTS; Loterias; Fila_Virtual,,Compra_publica_TI,Capacidade_e_resiliencia_de_acesso_em_canais_digitais_de_massa,Continuidade_disponibilidade_e_dependencia_de_nuvem_publica,Alta,https://www.todaslicitacoes.com.br/licitacao/contratacao-de-empresa-para-disponibilizacao-e-brasilia-df-00360305000104-2026-691
2026-09-21,2026-09-21,1,CAIXA,Caixa_UOL_Bolsa_Familia_greve_2026_09_18,"Em 18/09/2026, UOL informou que o Bolsa Familia de setembro atende cerca de 19,3 milhoes de familias, totaliza aproximadamente R$ 13 bilhoes e pode ser movimentado via CAIXA Tem, lotericas, terminais e correspondentes Caixa Aqui.",CAIXA_Tem; Bolsa_Familia; Correspondentes; Terminais_Autoatendimento,,Mídia_setorial_e_pagamentos_sociais,Resiliencia_de_canais_digitais_e_rede_alternativa_em_pagamentos_publicos,Continuidade_operacional_e_acesso_a_beneficios_em_greve,Alta,https://economia.uol.com.br/noticias/redacao/2026/09/18/greve-da-caixa-bolsa-familia-sera-pago-normalmente-entenda.ghtm
2026-09-21,2026-09-22,2,Sicoob,Sicoob_cloud_analitico_robos_digitais_2026_09_19,"Em 19/09/2026, o Sicoob informou que migrou 100% do ambiente analitico para nuvem em dezembro de 2023 e opera cerca de 60 robos digitais 24 horas por dia em automacao de tarefas, incluindo abertura de contas.",Nuvem; Robos_Digitais; Analitico; Automacao; Abertura_de_Contas,,Institucional_TI_e_operacoes,Escalabilidade_analitica_e_automacao_operacional_em_cooperativismo_financeiro,Governanca_de_cloud_automacao_e_continuidade_operacional,Alta,https://www.sicoob.com.br/web/sicoob/noticias/-/asset_publisher/xAioIawpOI5S/content/id/236561933
2026-09-20,2026-09-20,1,BRB,BRB_Master_STF_PF_celular_500GB_2026_09_19,"Em 19/09/2026, UOL reportou que ministros do STF pediram auxilio da PF para acessar copia de celular de Daniel Vorcaro com cerca de 500 GB de dados ligados a investigacoes do Banco Master.",STF; Policia_Federal; Banco_Master; Daniel_Vorcaro; BRB,,Mídia_judicial_e_investigativa,Cadeia_de_custodia_e_analise_de_evidencias_digitais_em_crise_bancaria,Governanca_de_evidencias_sigilo_integridade_e_acesso_a_dados,Muito alta,https://noticias.uol.com.br/politica/ultimas-noticias/2026/09/19/mendonca-e-fux-pedem-ajuda-a-pf-para-acessar-copia-de-celular-de-vorcaro.ghtm
2026-09-20,2026-09-20,1,BRB,BRB_XP_credito_originado_Master_2026_09_19,"Em 19/09/2026, Folha C-Level reportou que o BRB vendeu ao Banco XP R$ 304,6 milhoes em creditos originados no Master, com autorizacao judicial, auditorias, salvaguardas e melhora de liquidez.",Banco_XP; Banco_Master; BRB; STF; Auditoria,,Mídia_setorial_financeira,Desmobilizacao_de_ativos_e_liquidez_em_crise_de_capital,Auditoria_salvaguardas_autorizacao_judicial_e_risco_de_origem_dos_creditos,Muito alta,https://c-level.folha.uol.com.br/financas/2026/09/brb-vendeu-para-xp-credito-originado-no-master-no-valor-de-r-3046-milhoes.shtml
2026-09-20,2026-09-22,3,Banco Central,BC_CiberLATAM_Pix_PSAV_nuvem_ciber_2026_09_19,"Em 19/09/2026, CiberLATAM consolidou o pacote de setembro do BC como endurecimento sobre Pix, PSAV, nuvem, ciberseguranca, notificacao de incidentes e contratacao de tecnologia por bancos e fintechs.",Pix; PSAV; Nuvem; Ciberseguranca; Fintechs,,Mídia_setorial_ciberseguranca,Densidade_regulatoria_para_tecnologia_risco_operacional_e_fornecedores,Contratacao_de_nuvem_testes_controles_e_notificacao_de_incidentes,Muito alta,https://ciberlatam.com/pt/noticias/banco-central-brasil-endurece-regras-7af25255
2026-09-20,2026-09-21,2,Banco Central,BC_Pix_exclusao_instituicoes_fraude_2026_09_18,"Em 18/09/2026, Folha detalhou que o BC preve exclusao imediata de instituicoes punidas no Pix, notificacao de usuarios em suspeitas de fraude, canais de contestacao e resposta em ate 7 dias.",Pix; Fraude; DICT; Instituicoes_de_Pagamento; Folha,,Mídia_setorial_regulatoria,Aperto_de_controles_para_participantes_do_arranjo_e_fornecedores_antifraude,Exclusao_de_participantes_marcacao_de_suspeita_e_contestacao,Muito alta,https://www1.folha.uol.com.br/mercado/2026/09/bc-libera-pix-automatico-em-conta-salario-e-preve-exclusao-imediata-de-instituicoes-veja-mudancas.shtml
2026-09-20,2026-09-21,2,Banco do Brasil,DecisionReport_Stefanini_BB_IA_2026_09_18,"Em 18/09/2026, Decision Report repercutiu projetos Banco do Brasil/Stefanini com IA em credito PJ e logistica de numerario, estimando R$ 23 milhoes por ano em economia e mais de 8 mil horas-homem anuais de eficiencia.",Stefanini; IA; Credito; Numerario; Decision_Report,,Parceiro_tecnologico_e_midia_setorial,IA_operacional_em_processos_criticos_de_banco_de_varejo_e_agencias,Governanca_de_modelos_e_qualidade_de_decisao_em_credito,Muito alta,https://decisionreport.com.br/banco-do-brasil-gera-r-23-milhoes-em-economia-ao-ano-e-8-mil-horas-de-eficiencia-com-ia/
2026-09-20,2026-09-20,1,CAIXA,Caixa_greve_Bolsa_Familia_canais_digitais_2026_09_18,"Em 18/09/2026, Folha e UOL registraram que Bolsa Familia segue em meio a greve da CAIXA; beneficiarios usam CAIXA Tem, app, lotericas, autoatendimento, correspondentes, Internet Banking e WhatsApp.",CAIXA_Tem; Bolsa_Familia; WhatsApp; Canais_Digitais,,Mídia_setorial_e_continuidade_operacional,Continuidade_operacional_em_pagamentos_sociais_de_alta_escala,Dependencia_de_canais_digitais_e_rede_alternativa_em_crise_presencial,Muito alta,https://www1.folha.uol.com.br/mercado/2026/09/calendario-do-bolsa-familia-de-setembro-comeca-em-meio-a-greve-dos-bancarios-da-caixa.shtml
2026-09-20,2026-09-21,2,CAIXA,Caixa_greve_Move_Brasil_habitacao_2026_09_18,"Em 18/09/2026, Folha reportou que a greve da CAIXA atrasa credito do programa Move Brasil e financiamentos imobiliarios, especialmente em documentacao, conformidade e etapas que ainda dependem de atendimento presencial.",Move_Brasil; Habitacao; Canais_Digitais; Conformidade,,Mídia_setorial_operacional,Risco_operacional_em_credito_de_massa_e_financiamento_imobiliario,Dependencia_de_jornadas_hibridas_e_documentacao_presencial,Muito alta,https://www1.folha.uol.com.br/mercado/2026/09/greve-da-caixa-atrasa-credito-do-programa-move-brasil-e-financiamentos-imobiliarios.shtml
2026-09-20,2026-09-22,3,Sicoob,Sicoob_IA_investimentos_cooperativas_2026_09_19,"Em 19/09/2026, o Sicoob anunciou ferramenta de IA para apoiar equipes de investimentos das cooperativas na analise de perfil, historico, necessidade de liquidez, horizonte de aplicacao e objetivos dos cooperados.",Sisbr_IA; Investimentos; Cooperativas; IA,,Institucional_TI_e_negocios,IA_aplicada_a_atendimento_consultivo_e_recomendacoes_de_investimento,Governanca_de_recomendacao_adequacao_de_perfil_e_supervisao_humana,Muito alta,https://www.sicoob.com.br/web/sicoobcoopmond/noticias/-/asset_publisher/xAioIawpOI5S/content/id/323334641
2026-09-20,2026-09-20,1,BRB,BRB_PE_052_links_data_centers_2026_08_07,"Contexto recente de compras: o PE 052/2026 do BRB trata de links de comunicacao de dados por circuitos de alta capacidade para data centers, unidades administrativas, unidades negociais e internet publica.",CIRION; Telefonica; Data_Centers; Links; Conectividade,,Compra_publica_TI,Conectividade_critica_para_data_centers_e_rede_de_agencias_em_meio_a_pressao_operacional,Continuidade_de_rede_rotas_independentes_e_resiliencia_operacional,Alta,https://www.portaldecompraspublicas.com.br/processos/DF/BRB-BANCO-DE-BRASILIA-SA-3635/PE-052-2026-2026-502226
2026-09-20,2026-09-21,2,Banco Central,BC_AgenciaBrasil_Pix_fraude_cobranca_2026_09_18,"Em 18/09/2026, Agencia Brasil informou que o BC anunciou regras de Pix para fraudes, cobranca hibrida, contas-salario, dispensa de obrigatoriedade em alguns participantes e saida ordenada de instituicoes.",Pix; Fraudes; Cobranca_Hibrida; Conta_Salario; EBC,,Mídia_publica_regulatoria,Comunicacao_publica_do_impacto_regulatorio_para_o_ecossistema_Pix,Saida_ordenada_liquidacao_e_protecao_de_usuarios,Alta,https://agenciabrasil.ebc.com.br/economia/noticia/2026-09/pix-tera-novas-regras-para-fraudes-cobranca-hibrida-e-contas-salario
2026-09-19,2026-09-22,4,BRB,BC_perda_potencial_BRB_Master_2026_09_16,"Em 16/09/2026, UOL reportou relatorio do Banco Central apontando perda potencial de R$ 11,4 bilhoes no BRB pos-Master, acima dos R$ 8,8 bilhoes considerados pelo GDF, com determinacoes de reconhecimento e reavaliacao de ativos.",Banco_Central; Banco_Master; GDF; Credcesta; Tirreno,,Regulatorio_reportado_por_midia,Supervisao_prudencial_e_reavaliacao_de_ativos_com_impacto_de_capital,Provisionamento_capital_e_transparencia_contabil,Muito alta,https://noticias.uol.com.br/colunas/natalia-portinari/2026/09/16/relatorio-do-bc-indica-rombo-potencial-de-r-114-bi-no-brb-pos-master.ghtm
2026-09-19,2026-09-20,2,BRB,BRB_Master_STF_urgencias_2026_09_18,"Em 18/09/2026, UOL reportou pedido ao STF para definir quem julga urgencias em processos da Operacao Compliance Zero ligados ao Master/BRB, reforcando judicializacao e incerteza operacional no caso.",STF; Banco_Master; Operacao_Compliance_Zero; BRB,,Mídia_judicial_e_investigativa,Judicializacao_de_controles_e_governanca_em_crise_de_credito,Incerteza_processual_e_governanca_de_crise,Muito alta,https://noticias.uol.com.br/colunas/natalia-portinari/2026/09/18/preso-no-caso-master-pede-que-stf-defina-quem-julga-urgencias-durante-crise.ghtm
2026-09-19,2026-09-19,1,BRB,BRB_balanco_atrasado_emprestimo_2026_09_18,"Em 18/09/2026, UOL reportou fala da governadora do DF ligando atraso do balanco do BRB a questoes tecnicas e a dependencia de emprestimo para socorro, com demonstracoes pendentes desde 2025.",GDF; Banco_Master; Banco_Central; FGC; Balanco,,Risco_de_transparencia_contabil_capitalizacao_e_confianca_institucional,Risco_de_transparencia_contabil_capitalizacao_e_confianca_institucional,Altissimo,Muito alta,https://economia.uol.com.br/noticias/redacao/2026/09/18/celina-leao-diz-que-atraso-do-balanco-do-brb-e-tecnico-e-ligado-a-emprestimo.ghtm
2026-09-19,2026-09-19,1,BRB,GDF_STF_garantia_Uniao_BRB_2026_09_18,"Em 18/09/2026, Folha C-Level reportou que o GDF acionou o STF por resistencia da Uniao em apoiar garantia para emprestimo de ate R$ 6,6 bilhoes do FGC ao BRB.",GDF; STF; FGC; Uniao; Banco_Master,,Risco_de_liquidez_capital_e_dependencia_de_arranjo_publico_de_socorro,Risco_de_liquidez_capital_e_dependencia_de_arranjo_publico_de_socorro,Altissimo,Muito alta,https://c-level.folha.uol.com.br/financas/2026/09/governo-do-distrito-federal-aciona-stf-e-diz-que-resistencia-de-lula-a-ajudar-brb-e-decisao-politica.shtml
2026-09-19,2026-09-21,3,Banco Central,BC_MED_experiencia_usuario_Pix_2026_09_03,"Em 03/09/2026, o BC divulgou a versao 7.4 dos requisitos de experiencia do usuario do Pix, com jornada mais orientativa de contestacao via MED, anexos de documentos e vedacao de propaganda, ofertas, hiperlinks ou conteudo estranho em comprovantes.",Pix; MED; Experiencia_do_Usuario; Comprovantes; Antifraude,,Regulatorio_oficial,Adequacao_obrigatoria_de_apps_bancarios_fluxos_de_contestacao_e_comprovantes,Conformidade_de_UX_antifraude_e_comunicacao_ao_usuario,Muito alta,https://www.bcb.gov.br/detalhenoticia/21251/nota
2026-09-19,2026-09-19,1,Banco Central,BC_Pix_exclusao_instituicoes_fraude_2026_09_18,"Em 18/09/2026, a Folha detalhou que o BC preve exclusao imediata de instituicoes punidas no Pix, notificacao de usuarios em suspeitas de fraude, canais de contestacao e resposta em ate 7 dias.",Pix; Fraude; DICT; Instituicoes_de_Pagamento; Folha,,Aperto_de_controles_para_participantes_do_arranjo_e_fornecedores_antifraude,Aperto_de_controles_para_participantes_do_arranjo_e_fornecedores_antifraude,Altissimo,Muito alta,https://www1.folha.uol.com.br/mercado/2026/09/bc-libera-pix-automatico-em-conta-salario-e-preve-exclusao-imediata-de-instituicoes-veja-mudancas.shtml
2026-09-19,2026-09-23,5,Banco Central,BC_Resolucao_587_Pix_2026_09_18,"Em 18/09/2026, a Resolucao BCB 587 alterou o Regulamento do Pix para admitir Pix Automatico em conta-salario, instituir cobranca hibrida, ajustar participacao, perda de condicao de participante, obrigacoes e suspeitas de fraude.",Pix; Pix_Automatico; Conta_Salario; Cobranca_Hibrida; DICT,,Regulatorio_oficial,Mudanca_regulatoria_direta_para_bancos_IPs_cores_e_canais_digitais,Adequacao_obrigatoria_a_regras_de_fraude_participacao_e_cobranca,Muito alta,https://www.bcb.gov.br/estabilidadefinanceira/exibenormativo?numero=587&tipo=Resolu%C3%A7%C3%A3o+BCB
2026-09-19,2026-09-20,2,Banco do Brasil,BB_diretrizes_IA_generativa_agentica_2026_08_24,"Em 24/08/2026, o BB informou diretrizes especificas para IA generativa e agentica, com certificacao de modelos, governanca de agentes, rastreabilidade, niveis de autonomia e restricoes para dados sensiveis.",IA_Generativa; IA_Agentica; Gaia; Genera_BB; Copilot,,Institucional_TI_e_governanca,Governanca_de_IA_e_controles_para_agentes_autonomos_em_operacao_bancaria,Rastreabilidade_supervisao_humana_e_restricao_de_dados_sensiveis,Muito alta,https://imprensa.bb.com.br/bb-e-pioneiro-global-em-diretrizes-para-ia-generativa-e-agentica/
2026-09-19,2026-09-19,1,Banco do Brasil,DecisionReport_Stefanini_BB_IA_2026_09_18,"Em 18/09/2026, o Decision Report repercutiu projetos Banco do Brasil/Stefanini com IA em credito PJ e logistica de numerario, estimando R$ 23 milhoes por ano em economia e mais de 8 mil horas-homem anuais de eficiencia.",Stefanini; IA; Credito; Numerario; Decision_Report,,IA_operacional_em_processos_criticos_de_banco_de_varejo_e_agencias,IA_operacional_em_processos_criticos_de_banco_de_varejo_e_agencias,Alto,Muito alta,https://decisionreport.com.br/banco-do-brasil-gera-r-23-milhoes-em-economia-ao-ano-e-8-mil-horas-de-eficiencia-com-ia/
2026-09-19,2026-09-20,2,Banco do Brasil,Novo_App_BB_IA_hiperpersonalizacao_2026_08_24,"Em 24/08/2026, o Banco do Brasil lancou novo App BB com rollout ate o fim de setembro, assistente integrado, jornadas conversacionais por texto ou voz, hiperpersonalizacao, acessibilidade e widgets contextuais.",App_BB; IA_Conversacional; Hiperpersonalizacao; Acessibilidade,,Institucional_canal_digital,Canal_digital_com_IA_e_personalizacao_em_escala,Continuidade_e_experiencia_digital_em_canal_de_massa,Muito alta,https://imprensa.bb.com.br/banco-do-brasil-lanca-novo-app/
2026-09-19,2026-09-19,1,CAIXA,Caixa_greve_Bolsa_Familia_canais_digitais_2026_09_18,"Em 18/09/2026, UOL registrou que a greve da CAIXA nao interrompeu Bolsa Familia; beneficiarios seguem usando CAIXA Tem, lotericas, autoatendimento, correspondentes, Internet Banking e WhatsApp.",CAIXA_Tem; Bolsa_Familia; WhatsApp; Canais_Digitais,,Continuidade_operacional_em_pagamentos_sociais_de_alta_escala,Continuidade_operacional_em_pagamentos_sociais_de_alta_escala,Alto,Muito alta,https://economia.uol.com.br/noticias/redacao/2026/09/18/greve-da-caixa-bolsa-familia-sera-pago-normalmente-entenda.ghtm
2026-09-19,2026-09-20,2,Sicoob,Sicoob_IA_generativa_Sisbr_normativos_2026_09_19,"Em 19/09/2026, o Sicoob anunciou novas solucoes de IA Generativa: Sisbr IA integrado ao core bancario e Pesquisa Inteligente de Normativos, com RAG, LLMs open source e uso por mais de 62 mil colaboradores.",Sisbr_IA; RAG; LLM; Llama; DeepSeek; Phi; Mistral; Normativos,,Institucional_TI_e_governanca,IA_corporativa_integrada_ao_core_bancario_e_governanca_de_conhecimento,Controle_de_dados_modelos_e_respostas_em_ambiente_corporativo,Muito alta,https://www.sicoob.com.br/web/sicoob/noticias/-/asset_publisher/xAioIawpOI5S/content/id/275173922
2026-09-19,2026-09-20,2,Sicoob,Sicoob_IA_segura_LGPD_nuvem_CCS_2026_09_19,"Em 19/09/2026, o Sicoob informou que suas solucoes de IA Generativa rodam em ambiente seguro e controlado, em nuvem sob gestao exclusiva do CCS, sem compartilhamento de dados com terceiros, com aderencia a LGPD, moderacao ativa e acesso restrito a historicos.",CCS; LGPD; Nuvem; IA_Generativa; Seguranca; Privacidade,,Institucional_segurança_e_privacidade,Modelo_de_controle_de_dados_e_governanca_para_IA_em_cooperativismo_financeiro,LGPD_privacidade_cloud_governance_e_acesso_a_historicos,Muito alta,https://www.sicoob.com.br/web/sicoob/noticias/-/asset_publisher/xAioIawpOI5S/content/id/275173922
2026-09-19,2026-09-20,2,Sicoob,Sicoob_Open_Finance_AIS_ITP_2026_09_19,"Em 19/09/2026, o Sicoob reforcou pioneirismo em Open Finance com piloto de Adesao Inteligente Sicoob, smart onboarding por compartilhamento de dados, habilitacao como ITP e teste de deposito via Pix iniciado pelo App Sicoob.",Open_Finance; AIS; Smart_Onboarding; ITP; Pix; App_Sicoob,,Institucional_Open_Finance,Aquisicao_digital_e_iniciacao_de_pagamentos_com_consentimento,Consentimento_segurança_e_experiencia_em_iniciacao_de_pagamento,Muito alta,https://www.sicoob.com.br/web/sicoob/noticias/-/asset_publisher/xAioIawpOI5S/content/id/135145671
2026-09-19,2026-09-19,1,BRB,BRB_PE_052_links_data_centers_2026_08_07,"Contexto recente de compras: o PE 052/2026 do BRB trata de links de comunicacao de dados por circuitos de alta capacidade para data centers, unidades administrativas, unidades negociais e internet publica; documentos recentes indicam analise tecnica de propostas.",CIRION; Telefonica; Data_Centers; Links; Conectividade,,Conectividade_critica_para_data_centers_e_rede_de_agencias_em_meio_a_pressao_operacional,Conectividade_critica_para_data_centers_e_rede_de_agencias_em_meio_a_pressao_operacional,Alto,Alta,https://www.portaldecompraspublicas.com.br/processos/DF/BRB-BANCO-DE-BRASILIA-SA-3635/PE-052-2026-2026-502226
2026-09-19,2026-09-20,2,Banco Central,BC_API_Pix_MPI_2_10_2026_09_08,"Em 08/09/2026, o BC explicou ajustes operacionais da API Pix e do Manual de Padroes para Iniciacao 2.10.0, com padronizacao tecnica para Pix Automatico, QR Codes e integracao de cobranca.",API_Pix; MPI; QR_Code; Pix_Automatico; Iniciacao_de_Pagamentos,,Regulatorio_tecnico_oficial,Oportunidade_para_integradores_de_cobranca_API_e_automacao_de_recebiveis,Adequacao_tecnica_de_iniciadores_cores_e_canais_de_cobranca,Alta,https://www.bcb.gov.br/detalhenoticia/21252/noticia
2026-09-19,2026-09-19,1,Banco Central,BC_IN_774_requisitos_UX_Pix_2026_09_03,"Em 03/09/2026, a IN BCB 774 formalizou a versao 7.4 dos Requisitos Minimos para Experiencia do Usuario do Pix, com entrada em vigor em 01/03/2027 e ajustes tecnicos para jornadas, historico e comprovantes do Pix Automatico.",Pix; IN_774; UX; Pix_Automatico; Regulamento_Pix,,Linha_de_trabalho_para_conformidade_de_app_e_testes_de_homologacao_ate_2027,Linha_de_trabalho_para_conformidade_de_app_e_testes_de_homologacao_ate_2027,Alto,Alta,https://www.bcb.gov.br/estabilidadefinanceira/exibenormativo?numero=774&tipo=Instru%C3%A7%C3%A3o+Normativa+BCB
2026-09-19,2026-09-20,2,Banco do Brasil,BBTS_NDR_network_detection_2026_09_22,"Contexto recente de compras: edital BBTS LE 2026/18, com disputa prevista para 22/09/2026, busca appliances NDR para monitoramento de 7.000 dispositivos de rede, instalacao, implantacao, suporte e atualizacoes.",BBTS; NDR; Network_Detection_Response; Seguranca,,Compra_publica_ecossistema_BB,Demanda_de_ciberseguranca_de_rede_no_conglomerado_Banco_do_Brasil,Visibilidade_de_trafego_e_deteccao_de_ameacas_de_rede,Alta,https://licitacoes.bbts.com.br/wp-content/uploads/2026/08/20260831_Edital_LE_2026_18.pdf
2026-09-19,2026-09-20,2,Banco do Brasil,BB_Kodiak_low_code_app_2026_08_24,"Em 24/08/2026, o BB detalhou o Kodiak, plataforma no-code/low-code para acelerar jornadas do App BB, com validacoes de conformidade, padronizacao, acessibilidade e reducao estimada de ciclos de 60 para 7 dias.",Kodiak; App_BB; No_Code; Low_Code; Febraban_Tech,,Institucional_TI_e_entrega_mobile,Aceleracao_de_entrega_mobile_com_governanca_e_padronizacao_de_componentes,Controle_de_conformidade_em_entrega_low_code,Alta,https://imprensa.bb.com.br/bb-desenvolve-plataforma-propria-para-acelerar-inovacao-no-app/
2026-09-19,2026-09-20,2,CAIXA,Caixa_CECOT_249_fila_virtual_SaaS_2026_09_03,"Em 03/09/2026, licitacao CECOT 249/2026 indicou contratacao de solucao SaaS de fila e sala de espera virtual em nuvem publica para canais digitais da CAIXA, incluindo CAIXA Tem, FGTS, Loterias, sites e sistemas.",SaaS; Nuvem_Publica; CAIXA_Tem; FGTS; Loterias; Fila_Virtual,,Compra_publica_TI,Capacidade_e_resiliencia_de_acesso_em_canais_digitais_de_massa,Continuidade_disponibilidade_e_dependencia_de_nuvem_publica,Alta,https://www.todaslicitacoes.com.br/licitacao/contratacao-de-empresa-para-disponibilizacao-e-brasilia-df-00360305000104-2026-691
2026-09-19,2026-09-22,4,CAIXA,Caixa_Parcelar_Pix_app_2026_09_03,"Em 03/09/2026, a CAIXA disponibilizou Parcelar Pix no App CAIXA para clientes elegiveis, com contratacao de credito na transacao, valores de R$ 300 a R$ 50 mil e prazo de ate 12 meses.",Pix; App_CAIXA; Credito_Digital; CET; IOF,,Institucional_produto_digital,Produto_digital_de_credito_embutido_no_fluxo_de_pagamentos_instantaneos,Transparencia_CET_IOF_analise_de_risco_e_credito_responsavel,Alta,https://caixanoticias.caixa.gov.br/Paginas/Not%C3%ADcias/2026/09-SETEMBRO/CAIXA-disponibiliza-Parcelar-Pix-aos-clientes-.aspx
2026-09-19,2026-09-19,1,CAIXA,Caixa_app_beta_open_finance_seguranca_2026_08_11,"Contexto recente: em 11/08/2026, a CAIXA iniciou beta do novo aplicativo para integrar produtos, Pix simplificado, Minha Carteira baseada em Open Finance, biometria facial, liveness, criptografia ponta a ponta e analise comportamental antifraude.",Open_Finance; Pix; Biometria_Facial; Liveness; Criptografia; Antifraude,,Modernizacao_do_canal_mobile_com_segurança_e_integracao_de_servicos,Modernizacao_do_canal_mobile_com_segurança_e_integracao_de_servicos,Alto,Alta,https://caixanoticias.caixa.gov.br/Paginas/Not%C3%ADcias/2026/08-AGOSTO/CAIXA-inicia-fase-Beta-do-novo-aplicativo-do-banco.aspx
2026-09-19,2026-09-20,2,CAIXA,Caixa_nova_proposta_greve_saude_2026_09_18,"Em 18/09/2026, a Folha reportou nova proposta da CAIXA para o plano de saude, com greve mantida ate assembleia de 21/09/2026 e reforco de atendimento por canais digitais, telefone e terminais automaticos.",Canais_Digitais; Atendimento_Remoto; Terminais_Automaticos,,Mídia_setorial_trabalhista_e_operacional,Risco_de_continuidade_presencial_compensado_por_canais_remotos_e_autoatendimento,Pressao_operacional_em_agencias_e_canais_de_suporte,Alta,https://www1.folha.uol.com.br/mercado/2026/09/caixa-faz-nova-proposta-para-o-plano-de-saude-mas-greve-da-categoria-segue-o-que-foi-oferecido.shtml
2026-09-19,2026-09-22,4,Sicoob,Sicoob_SuperApp_Open_Finance_IA_2026_09_03,"Em 03/09/2026, o Portal do Cooperativismo Financeiro registrou que a nova geracao do SuperApp integra Open Finance, IA generativa, personalizacao, assistente por texto/audio/imagem e mais de 10,3 milhoes de cooperados.",SuperApp; Open_Finance; IA_Generativa; Assistente_Inteligente; Sisbr_IA,,Mídia_setorial_cooperativismo,Canal_digital_conversacional_e_agregador_financeiro_para_cooperados,Segurança_consentimento_e_escalabilidade_multicooperativa,Alta,https://cooperativismodecredito.coop.br/2026/09/sicoob-lanca-nova-geracao-do-superapp-com-open-finance-e-inteligencia-artificial/
2026-09-19,2026-09-19,1,Sicoob,Sicoob_complexidade_cooperativas_Open_Finance_2026_09_14,"Contexto recente: cobertura setorial de 14/09/2026 destacou que mais de 350 cooperativas exigem adaptacao de jornadas digitais, consentimento, marca, seguranca, desempenho e monitoramento regulatorio no Open Finance.",Open_Finance; Cooperativas; Consentimento; Seguranca; Desempenho,,Complexidade_de_implantacao_multicooperativa_e_oportunidade_de_arquitetura,Complexidade_de_implantacao_multicooperativa_e_oportunidade_de_arquitetura,Alto,Alta,https://convergenciadigital.com.br/mercado/sicoob-cooperativas-enfrentam-a-complexidade-do-open-finance/
2026-09-18,2026-09-18,1,BRB,BC_perda_potencial_BRB_Master_2026_09_16,"Em 16/09/2026, o UOL reportou relatorio do Banco Central indicando perda potencial de R$ 11,4 bilhoes no BRB pos-Master, acima dos R$ 8,8 bilhoes considerados pelo GDF, com determinacoes de reconhecimento de perdas e reavaliacao de ativos.",Banco_Central; Banco_Master; GDF; FGC,,Risco_extremo_de_capital_liquidez_governanca_e_supervisao_bancaria,Altissimo,Altissimo,Muito alta,https://noticias.uol.com.br/colunas/natalia-portinari/2026/09/16/relatorio-do-bc-indica-rombo-potencial-de-r-114-bi-no-brb-pos-master.ghtm
2026-09-18,2026-09-18,1,BRB,BRB_venda_credito_XP_Master_2026_09_16,"Em 16/09/2026, a Folha reportou venda pelo BRB de credito originado no Master para a XP por R$ 304,6 milhoes, envolvendo seis CCBs, autorizacao no STF, auditorias, salvaguardas e registro na B3.",XP; Banco_Master; STF; B3,,Reforco_de_liquidez_e_ativos_stressados_com_governanca_judicializada,Alto,Altissimo,Muito alta,https://c-level.folha.uol.com.br/financas/2026/09/brb-vendeu-para-xp-credito-originado-no-master-no-valor-de-r-3046-milhoes.shtml
2026-09-18,2026-09-18,1,BRB,Folha_STF_caso_Master_2026_09_18,"Em 18/09/2026, a Folha detalhou ligacoes de ministros do STF com o caso Master, elevando risco politico-juridico e de governanca no entorno dos ativos, investigacoes e salvaguardas usadas no ecossistema BRB/Master.",STF; Banco_Master; Daniel_Vorcaro; Governanca,,Judicializacao_e_risco_reputacional_em_crise_bancaria_com_impacto_no_BRB,Alto,Altissimo,Muito alta,https://www1.folha.uol.com.br/poder/2026/09/veja-ligacoes-de-ministros-do-stf-com-o-caso-master.shtml
2026-09-18,2026-09-18,1,BRB,PF_creditos_Master_BRB_2026_09_14,"Em 14/09/2026, a Folha reportou que a PF apontou compra de cerca de R$ 17 bilhoes em creditos do Master pelo BRB, sendo R$ 12,2 bilhoes em titulos falsos, segundo a investigacao.",Policia_Federal; Banco_Master; Tirreno; Cartos,,Pressao_extrema_sobre_controles_internos_due_diligence_e_governanca_de_credito,Altissimo,Altissimo,Muito alta,https://www1.folha.uol.com.br/mercado/2026/09/relatorio-da-pf-aponta-que-brb-comprou-r-17-bilhoes-em-creditos-do-master.shtml
2026-09-18,2026-09-18,1,Banco Central,BC_risco_concentracao_fornecedores_IA_2026_09_02,"Em 02/09/2026, a Let's Money reportou alerta de coordenador do Banco Central sobre risco de concentracao de fornecedores de IA quando instituicoes financeiras contratam a mesma prestadora em massa.",IA; Fornecedores; Terceiros; Banco_Central,,Risco_de_concentracao_tecnologica_e_governanca_de_terceiros_em_servicos_criticos,Altissimo,Alto,Muito alta,https://www.letsmoney.com.br/noticias/bc-risco-concentracao-fornecedores-ia/
2026-09-18,2026-09-18,1,Banco Central,Comprovantes_alerta_recebedor_Pix_2026_09,"Em setembro de 2026, cobertura setorial registrou que o Banco Central vai obrigar bancos a alertar o pagador do Pix quando a identificacao do recebedor mudar em contato favorito e proibiu vetores como propaganda, ofertas e hiperlinks em comprovantes.",Pix; Comprovantes; Contatos_Favoritos; Antifraude,,Reducao_de_vetores_de_golpe_e_melhorias_de_jornada_de_confirmacao_do_pagador,Altissimo,Alto,Muito alta,https://www.letsmoney.com.br/
2026-09-18,2026-09-18,1,Banco do Brasil,BC_risco_concentracao_fornecedores_IA_2026_09_02,"Em 02/09/2026, a Let's Money reportou alerta de coordenador do Banco Central sobre risco de concentracao em fornecedores de IA no sistema financeiro; o texto cita o BB como banco grande que aplicou IA com a Stefanini em credito e numerario.",Banco_Central; Stefanini; IA; Terceiros,,Governanca_de_fornecedores_e_risco_de_concentracao_tecnologica_em_IA,Altissimo,Alto,Muito alta,https://www.letsmoney.com.br/noticias/bc-risco-concentracao-fornecedores-ia/
2026-09-18,2026-09-18,1,Banco do Brasil,Stefanini_BB_IA_credito_numerario_2026_09,"Em setembro de 2026, cobertura setorial registrou que Stefanini e Banco do Brasil estimam R$ 23 milhoes de economia anual com IA na logistica de numerario e mais de 8 mil horas-homem de eficiencia em etapa de analise de credito.",Stefanini; IA; Credito; Numerario,,IA_operacional_em_credito_e_logistica_fisica_de_agencias,Altissimo,Medio,Muito alta,https://bluestudio.estadao.com.br/agencia-de-comunicacao/releases/releases-geral/stefanini-banco-do-brasil-inteligencia-artificial/
2026-09-18,2026-09-18,1,CAIXA,Greve_CAIXA_nova_proposta_canais_digitais_2026_09_18,"Em 18/09/2026, a Folha reportou que a CAIXA apresentou nova proposta para o plano de saude dos empregados, mas a greve segue ate assembleia de 21/09; o banco reforcou atendimento por canais digitais, telefone e terminais automaticos.",Canais_Digitais; Telefone; Terminais_Automaticos; Greve,,Continuidade_operacional_e_desvio_de_demanda_para_canais_remotos_em_greve,Alta,Medio,Muito alta,https://www1.folha.uol.com.br/mercado/2026/09/caixa-faz-nova-proposta-para-o-plano-de-saude-mas-greve-da-categoria-segue-o-que-foi-oferecido.shtml
2026-09-18,2026-09-18,1,Banco do Brasil,Mulinari_parceiros_tecnologia_IA_2026_08_21,"Em 21/08/2026, cobertura da Broadcast/Investalk registrou fala de Rodrigo Mulinari, diretor de tecnologia do BB, de que a era da IA tende a ampliar parceiros tecnologicos e que cerca de 30 milhoes de pessoas acessam diariamente plataformas digitais do banco.",Rodrigo_Mulinari; Broadcast; Investalk; Parceiros_Tecnologicos,,Arquitetura_de_ecossistema_e_parcerias_para_IA_e_canais_digitais,Alta,Medio,Alta,https://investalk.bb.com.br/radar/bbmulinari-tendencia-e-ampliar-parceiros-de-tecnologia-apesar-de-busca-por-menos-fornecedores
2026-09-18,2026-09-18,1,Sicoob,CooperativismoCredito_SuperApp_Open_Finance_2026_09_03,"Em 03/09/2026, o portal Cooperativismo de Credito registrou que o Sicoob lancou nova geracao do SuperApp com Open Finance e IA, reunindo informacoes financeiras de diferentes instituicoes e permitindo transacoes por assistente inteligente.",Cooperativismo_de_Credito; SuperApp_Sicoob; Open_Finance; IA,,Confirmacao_ecossistemica_do_roadmap_de_canal_digital_e_assistente_inteligente,Alta,Medio,Alta,https://cooperativismodecredito.coop.br/
2026-09-17,2026-09-17,1,BRB,Afastamentos_cautelares_caso_Master_2026_09_14,"Em 14/09/2026, a Folha reportou que o BRB afastou cautelarmente cinco funcionarios, incluindo ex-diretores, no ambito das investigacoes internas relacionadas ao ecossistema Master.",Banco_Master; Corregedoria; Conselho_de_Administracao; Governanca,,Resposta_de_governanca_a_crise_institucional_e_de_controles,Alto,Altissimo,Muito alta,https://www1.folha.uol.com.br/mercado/2026/09/brb-afasta-ex-diretores-apos-investigacao-do-caso-master.shtml
2026-09-17,2026-09-17,1,BRB,BC_perda_potencial_BRB_Master_2026_09_16,"Em 16/09/2026, o UOL reportou relatorio do Banco Central indicando perda potencial de R$ 11,4 bilhoes no BRB pos-Master, acima dos R$ 8,8 bilhoes considerados pelo GDF, com determinacoes de reconhecimento de perdas e reavaliacao de ativos.",Banco_Central; Banco_Master; GDF; FGC,,Risco_extremo_de_capital_liquidez_governanca_e_supervisao_bancaria,Altissimo,Altissimo,Muito alta,https://noticias.uol.com.br/colunas/natalia-portinari/2026/09/16/relatorio-do-bc-indica-rombo-potencial-de-r-114-bi-no-brb-pos-master.htm
2026-09-17,2026-09-17,1,BRB,BRB_venda_credito_XP_Master_2026_09_16,"Em 16/09/2026, a Folha reportou venda pelo BRB de credito originado no Master para a XP por R$ 304,6 milhoes, envolvendo seis CCBs, autorizacao no STF e salvaguardas como auditoria juridica, tecnica, contabil, de credito e fiscal e registro na B3.",XP; Banco_Master; STF; B3,,Reforco_de_liquidez_e_ativos_stressados_com_governanca_judicializada,Alto,Altissimo,Muito alta,https://c-level.folha.uol.com.br/financas/2026/09/brb-vendeu-para-xp-credito-originado-no-master-no-valor-de-r-3046-milhoes.shtml
2026-09-17,2026-09-18,2,Banco Central,Pix_Aproximacao_sem_teto_fixo_2026,"O Banco Central alterou regras do Pix por aproximacao e retirou o teto fixo de R$ 500 que vigorava para esse tipo de pagamento, ampliando flexibilidade de uso e exigindo adequacao de bancos, carteiras digitais e adquirentes.",Pix_por_Aproximacao; Carteiras_Digitais; Pagamentos; Banco_Central,,Flexibilizacao_operacional_de_pagamentos_instantaneos_em_canais_moveis,Altissimo,Alto,Muito alta,https://www.bcb.gov.br/detalhenoticia/21169/noticia
2026-09-17,2026-09-18,2,Banco do Brasil,Novo_App_BB_IA_hiperpersonalizacao_2026_08_24,"Em 24/08/2026, o Banco do Brasil lancou novo App BB com rollout ate o fim de setembro, jornadas conversacionais por texto ou voz, assistente integrado, hiperpersonalizacao, acessibilidade e recomendacao contextual de widgets e atalhos.",App_BB; IA_Conversacional; Hiperpersonalizacao; Acessibilidade,,Canal_digital_com_IA_e_personalizacao_em_escala,Altissimo,Medio,Muito alta,https://imprensa.bb.com.br/banco-do-brasil-lanca-novo-app/
2026-09-17,2026-09-18,2,CAIXA,Bolsa_Familia_setembro_CAIXA_Tem_greve_2026_09_17,"Em 17/09/2026, iniciou o calendario do Bolsa Familia de setembro, mantido mesmo com greve nacional na CAIXA, com orientacao para uso de CAIXA Tem, app CAIXA, Pix, cartao de debito, caixas eletronicos, lotericas, correspondentes e biometria.",CAIXA_Tem; App_CAIXA; Pix; Biometria,,Continuidade_operacional_digital_em_pagamentos_sociais_de_alta_escala,Altissimo,Medio,Muito alta,https://www1.folha.uol.com.br/mercado/2026/09/calendario-do-bolsa-familia-de-setembro-comeca-em-meio-a-greve-dos-bancarios-da-caixa.shtml
2026-09-17,2026-09-18,2,CAIXA,Parcelar_Pix_app_CAIXA_2026_09_03,"Em 03/09/2026, a CAIXA anunciou o Parcelar Pix para pessoa fisica no aplicativo, com valores de R$ 300 a R$ 50 mil, prazo de ate 12 meses, CET/IOF exibidos antes da confirmacao e liberacao condicionada a analise de risco.",Pix; App_CAIXA; Credito; Analise_de_Risco,,Expansao_de_credito_embutido_no_fluxo_de_pagamento_instantaneo,Altissimo,Alto,Muito alta,https://www1.folha.uol.com.br/mercado/2026/09/caixa-anuncia-pix-parcelado-no-aplicativo-com-prazo-de-ate-12-meses.shtml
2026-09-17,2026-09-18,2,BRB,PE_052_2026_links_comunicacao_data_centers,"Em 2026, o Pregao Eletronico 052/2026 do BRB tratou da contratacao de links de comunicacao de dados por circuitos de alta capacidade para conectividade entre data centers, unidades administrativas, unidades negociais e internet publica, com disputa e lances registrados em setembro.",Links_de_Comunicacao; Data_Centers; Internet_Publica; Conectividade,,Contratacao_de_conectividade_critica_para_continuidade_operacional_do_banco,Alta,Alto,Alta,https://www.portaldecompraspublicas.com.br/processos/DF/BRB-BANCO-DE-BRASILIA-SA-3635/PE-052-2026-2026-502226
2026-09-17,2026-09-18,2,Banco Central,Open_Finance_Pix_Aproximacao_saldo_limite_2026_06_22,"Em 22/06/2026, o Banco Central informou que clientes poderao autorizar compartilhamento de saldo e limite de conta ao conecta-la no Pix por Aproximacao, combinando Open Finance e pagamentos para melhorar iniciacao e experiencia.",Open_Finance; Pix_por_Aproximacao; Saldo; Limite,,Convergencia_entre_compartilhamento_de_dados_e_pagamentos_instantaneos,Altissimo,Alto,Alta,https://www.bcb.gov.br/detalhenoticia/21170/noticia
2026-09-17,2026-09-17,1,Banco Central,Pix_TIPS_BCE_pre_investigacao_2026_09,"Em setembro de 2026, TMC e Let's Money reportaram estudos entre Banco Central do Brasil e Banco Central Europeu para conectar Pix ao TIPS, com analises juridicas, tecnicas, de seguranca e operacionais antes de eventual piloto em 2028.",Pix; TIPS; Banco_Central_Europeu; Pagamentos_Internacionais,,Potencial_infraestrutura_transfronteirica_de_pagamentos_instantaneos,Alta,Alto,Alta,https://tmc.com.br/economia/pix-tips-bc-negocia-integracao-pagamentos-europa/
2026-09-17,2026-09-17,1,Banco Central,Pix_TIPS_LetsMoney_2026_09_07,"Em 07/09/2026, a Let's Money registrou que o BCE confirmou investigacao preliminar conjunta com o Banco Central do Brasil para avaliar conexao entre TIPS e Pix, com piloto possivel em 2028.",BCE; Banco_Central; Pix; TIPS,,Confirmacao_setorial_da_agenda_de_internacionalizacao_do_Pix,Alta,Alto,Alta,https://www.letsmoney.com.br/noticias/bce-estuda-conectar-tips-pix-brasil/
2026-09-17,2026-09-18,2,CAIXA,TEIA_CAIXA_oportunidades_GovTech_2026_09,"Em setembro de 2026, o Espaco TEIA CAIXA mantinha oportunidades abertas ligadas a GovTech, cidades inteligentes, IA, energia, robotica e digitalizacao do setor publico.",Espaco_TEIA_CAIXA; GovTech; Startups; IA,,Inovacao_aberta_e_pipeline_publico_privado_de_solucoes,Alta,Medio,Alta,https://hubteia.com.br/
2026-09-17,2026-09-18,2,Sicoob,TIInside_SuperApp_IA_Open_Finance_2026_09_01,"Em 01/09/2026, a TI Inside registrou que o Sicoob comecou a implantar nova geracao do SuperApp com recursos de Open Finance, inteligencia artificial generativa e personalizacao.",TI_Inside; Open_Finance; IA_Generativa; Personalizacao,,Validacao_setorial_independente_do_roadmap_de_app_open_finance_e_IA,Alta,Alto,Alta,https://tiinside.com.br/
2026-09-17,2026-09-17,1,Banco do Brasil,Radar_Tendencias_Tecnologicas_BB_contexto_sustentado,"Contexto sustentado: o Radar de Tendencias Tecnologicas do BB permanece como fonte publica institucional de tendencias tecnologicas, agenda de eventos, noticias diarias e analises sobre inovacao, util para mapear prioridades de IA, canais digitais e tecnologia acompanhadas pelo banco.",Radar_Tecnologico_BB; Inovacao; IA; Tendencias,,Inteligencia_institucional_de_inovacao_e_monitoramento_de_tecnologia,Media,Medio,Media,https://radar.apps.bb.com.br/
2026-09-16,2026-09-16,1,BRB,Afastamentos_cautelares_caso_Master_2026_09_14,"Em 14/09/2026, a Folha reportou que o BRB afastou cautelarmente cinco funcionarios, incluindo ex-diretores, no ambito das investigacoes internas relacionadas ao ecossistema Master; o banco afirmou que os afastamentos nao antecipam juizo de merito.",Banco_Master; Corregedoria; Conselho_de_Administracao; Governanca,,Resposta_de_governanca_a_crise_institucional_e_de_controles,Alto,Altissimo,Muito alta,https://www1.folha.uol.com.br/mercado/2026/09/brb-afasta-ex-diretores-apos-investigacao-do-caso-master.shtml
2026-09-16,2026-09-16,1,BRB,PF_creditos_Master_17_bilhoes_2026_09_13,"Em 13/09/2026, a Folha reportou documentos da PF segundo os quais o BRB teria transferido cerca de R$ 17 bilhoes ao Banco Master em compras de carteiras, com R$ 12,2 bilhoes em creditos apontados como falsos.",Policia_Federal; Banco_Master; Tirreno; Cartos,,Risco_extremo_de_credito_governanca_e_controles_internos,Altissimo,Altissimo,Muito alta,https://www1.folha.uol.com.br/mercado/2026/09/relatorio-da-pf-aponta-que-brb-comprou-r-17-bilhoes-em-creditos-do-master.shtml
2026-09-16,2026-09-16,1,BRB,STF_FGC_BCB_manifestacao_caso_BRB_Master_2026_09,"Em setembro de 2026, a cobertura da Folha registrou que o STF pediu manifestacao do governo federal, Banco Central e FGC sobre pleito do GDF ligado ao rombo do BRB, enquanto o banco seguia sem demonstracoes de 2025 e do primeiro semestre de 2026 publicadas.",STF; Banco_Central; FGC; GDF,,Pressao_institucional_sistemica_com_envolvimento_de_supervisores_e_garantidores,Altissimo,Altissimo,Muito alta,https://www1.folha.uol.com.br/mercado/2026/09/brb-afasta-ex-diretores-apos-investigacao-do-caso-master.shtml
2026-09-16,2026-09-18,3,Banco Central,MED_Pix_fraudes_anexo_provas_2026_09_04,"Em 04/09/2026, a Folha reportou que o BC publicou novas regras para contestacao de Pix fraudulentos, permitindo anexar boletins de ocorrencia e capturas de tela no app do banco, com aprimoramento do MED ate 01/03/2027.",Pix; MED; Fraudes; Apps_Bancarios,,Seguranca_antifraude_e_melhoria_de_jornada_de_contestacao,Altissimo,Altissimo,Muito alta,https://www1.folha.uol.com.br/mercado/2026/09/novas-regras-do-bc-permitem-ao-cliente-anexar-provas-em-contestacao-de-pix-fraudulentos.shtml
2026-09-16,2026-09-16,1,Banco Central,Pix_Automatico_ajustes_operacionais_2026_09,"Em setembro de 2026, o Banco Central publicou ajustes pontuais para organizar regras operacionais do Pix Automatico, padronizando comunicacao e automatizando processos como emissao de QR Codes para cobrancas imediatas e com vencimento.",Pix_Automatico; QRCode; Pagamentos; Banco_Central,,Modernizacao_de_regras_operacionais_de_pagamentos_instantaneos,Altissimo,Alto,Muito alta,https://bcb.gov.br/detalhenoticia/21252/noticia
2026-09-16,2026-09-17,2,Banco Central,Pix_comprovantes_antigolpe_2026_09_04,"Em setembro de 2026, as novas regras do BC proibiram propagandas, ofertas e hiperlinks nos comprovantes de pagamento, exigiram aviso sobre mudancas em contatos salvos e clareza no campo objeto do pagamento no Pix Automatico.",Pix; Comprovantes; MED; Seguranca,,Reducao_de_vetores_de_golpes_e_padronizacao_de_informacoes_de_pagamento,Alto,Altissimo,Muito alta,https://www1.folha.uol.com.br/mercado/2026/09/novas-regras-do-bc-permitem-ao-cliente-anexar-provas-em-contestacao-de-pix-fraudulentos.shtml
2026-09-16,2026-09-16,1,Banco do Brasil,Novo_App_BB_IA_hiperpersonalizacao_2026_08_24,"Em 24/08/2026, o Banco do Brasil lancou novo App BB com rollout gradual ate o fim de setembro, jornadas conversacionais por texto ou voz, hiperpersonalizacao, recomendacao de atalhos e IA para interpretar contexto e simplificar interacoes.",App_BB; IA_Conversacional; Hiperpersonalizacao; Dados,,Canal_digital_com_IA_e_personalizacao_em_escala,Altissimo,Medio,Muito alta,https://www.bb.com.br/pbb/pagina-inicial/imprensa/n/69252/Banco%20do%20Brasil%20lan%C3%A7a%20novo%20app
2026-09-16,2026-09-17,2,Banco do Brasil,Stefanini_BB_IA_credito_numerario_2026_09_01,"Em 01/09/2026, a Let's Money reportou que Stefanini e Banco do Brasil estimam R$ 23 milhoes de economia anual com IA na logistica de numerario e mais de 8 mil horas-homem de eficiencia em etapa de analise de credito.",Stefanini; IA; Credito; Numerario,,IA_operacional_em_credito_e_logistica_fisica_de_agencias,Altissimo,Medio,Muito alta,https://www.letsmoney.com.br/noticias/stefanini-bb-23-mi-economia-ia/
2026-09-16,2026-09-16,1,CAIXA,Bolsa_Familia_setembro_CAIXA_Tem_biometria_2026_09_17,"Em setembro de 2026, o pagamento do Bolsa Familia operado pela CAIXA foi programado de 17/09 a 30/09, com movimentacao pelo CAIXA Tem, saque com cartao e alternativa por identificacao biometrica.",CAIXA_Tem; Biometria; Bolsa_Familia; MDS,,Escala_operacional_digital_em_pagamentos_sociais,Altissimo,Medio,Muito alta,https://www1.folha.uol.com.br/mercado/2026/09/bolsa-familia-do-mes-comeca-a-ser-pago-em-17-de-setembro-veja-calendario.shtml
2026-09-16,2026-09-18,3,Sicoob,Open_Finance_complexidade_350_cooperativas_2026_09_14,"Em 14/09/2026, a Convergencia Digital detalhou que, com mais de 350 cooperativas, o Sicoob precisou adaptar jornadas digitais, consentimento, conceitos de marca e estruturas tecnologicas para compartilhamento de dados e iniciacao de pagamentos no Open Finance.",Open_Finance; Consentimento; Cooperativas; Arquitetura_Tecnologica,,Complexidade_operacional_e_tecnologica_do_Open_Finance_em_modelo_cooperativo,Altissimo,Alto,Muito alta,https://convergenciadigital.com.br/mercado/sicoob-cooperativas-enfrentam-a-complexidade-do-open-finance/
2026-09-16,2026-09-18,3,Sicoob,Open_Finance_seguranca_monitoramento_regulatorio_2026_09_14,"Na entrevista da Convergencia Digital, o gerente de arquitetura tecnologica do Sicoob destacou certificacoes, disponibilidade, desempenho e monitoramento regulatorio como pontos criticos para o Open Finance.",Certificacoes; Seguranca; Disponibilidade; Banco_Central,,Requisitos_de_seguranca_desempenho_e_observabilidade_para_Open_Finance,Altissimo,Alto,Muito alta,https://convergenciadigital.com.br/mercado/sicoob-cooperativas-enfrentam-a-complexidade-do-open-finance/
2026-09-16,2026-09-18,3,Sicoob,SuperApp_Open_Finance_IA_2026_09_01,"Em 02/09/2026, a Let's Money reportou que o Sicoob iniciou em 01/09/2026 a distribuicao da nova geracao do SuperApp, colocando contas de outras instituicoes na tela inicial via Open Finance e adicionando assistente de IA para pedidos em linguagem natural.",SuperApp_Sicoob; Open_Finance; Sisbr_IA; Pix,,Open_Finance_e_IA_conversacional_no_canal_principal_do_cooperado,Altissimo,Alto,Muito alta,https://www.letsmoney.com.br/noticias/sicoob-superapp-open-finance-ia-generativa/
2026-09-16,2026-09-16,1,BRB,Depoimento_Vorcaro_PF_BRB_Master_2026_09_13,"Em 13/09/2026, o UOL publicou a integra de depoimento de Daniel Vorcaro a PF, com mencoes a interacoes com o Banco Central e a tentativa de fusao ou aquisicao envolvendo BRB e Master.",Daniel_Vorcaro; Policia_Federal; Banco_Central; Banco_Master,,Vetor_politico_regulatorio_e_de_supervisao_na_crise_BRB_Master,Alta,Altissimo,Alta,https://noticias.uol.com.br/politica/ultimas-noticias/2026/09/13/leia-a-integra-do-depoimento-de-daniel-vorcaro-a-pf-em-agosto.ghtm
2026-09-16,2026-09-16,1,Banco Central,Febraban_Tech_Galipolo_Pix_IA_2026_08_24,"Em 24/08/2026, o BC publicou apresentacao de Gabriel Galipolo no painel de abertura da Febraban Tech 2026; a cobertura setorial destacou Pix, uso responsavel de tecnologia e cautela com riscos em sistemas financeiros digitais.",Gabriel_Galipolo; Febraban_Tech; Pix; IA,,Agenda_regulatoria_publica_sobre_pagamentos_tecnologia_e_risco_sistemico,Alta,Alto,Alta,https://www.bcb.gov.br/
2026-09-16,2026-09-16,1,Banco Central,Pix_internacional_TIPS_contexto_2026_09,"Como contexto recente da janela de 30 dias, cobertura setorial reportou negociacoes iniciais para interligar Pix ao TIPS europeu, com analises juridicas, tecnicas, de seguranca e operacionais antes de eventual piloto futuro.",Pix; TIPS; Banco_Central_Europeu; Pagamentos_Internacionais,,Potencial_infraestrutura_transfronteirica_de_pagamentos_instantaneos,Alta,Alto,Alta,https://c-level.folha.uol.com.br/financas/2026/09/bc-negocia-interligar-pix-ao-sistema-de-pagamentos-europeu.shtml
2026-09-16,2026-09-16,1,Banco do Brasil,BBTS_IA_whatsapp_cobranca_contexto_2026_07,"Como contexto recente ainda relevante, mas fora da janela de 30 dias, BBTS, BRQ e AWS reportaram cobranca digital com IA no WhatsApp para negociacao de dividas do Banco do Brasil, com ganho de conversao de 306% e cerca de metade das negociacoes sem intervencao humana.",BBTS; BRQ; AWS; WhatsApp,,IA_aplicada_a_cobranca_e_renegociacao_digital,Altissimo,Medio,Alta,https://itforum.com.br/noticias/banco-do-brasil-ia-whatsapp/
2026-09-16,2026-09-18,3,Banco do Brasil,Conta_Eleitoral_Digital_BB_biometria_2026_08_24,"Em 24/08/2026, o BB informou ampliacao da Conta Eleitoral Digital BB, com integracao aos sistemas da Justica Eleitoral, validacao automatica do RAC e abertura de ate cinco contas pelo app com biometria facial.",Justica_Eleitoral; Biometria_Facial; App_BB; Setor_Publico,,Digitalizacao_de_jornada_regulada_para_contas_eleitorais,Alta,Alto,Alta,https://imprensa.bb.com.br/bb-simplifica-abertura-de-contas-eleitorais-para-candidatos-nas-eleicoes-2026/
2026-09-16,2026-09-18,3,CAIXA,CECOT_78_2026_fabrica_software_cash_management,Aviso publico da CECOT 78/2026 da CAIXA indicou contratacao de servicos de tecnologia da informacao em regime de fabrica de software para desenvolvimento de plataforma de servicos de cash management.,Fabrica_de_Software; Cash_Management; TI; CAIXA,,Demanda_publica_de_desenvolvimento_de_plataforma_financeira_PJ,Alta,Alto,Alta,https://www.licitacao.net/licitacoes/caixa-economica-federal-brasili-cecot-78-2026/690586
2026-09-16,2026-09-16,1,CAIXA,TEIA_CAIXA_oportunidades_GovTech_2026_09_16,"Em 16/09/2026, o Espaco TEIA CAIXA listava oportunidades abertas de inovacao, incluindo Desafios TEIA Organizacoes Publicas e chamadas ligadas a GovTech, cidades inteligentes, IA, energia, robotica e digitalizacao do setor publico.",Espaco_TEIA_CAIXA; GovTech; Startups; IA,,Inovacao_aberta_e_pipeline_publico_privado_de_solucoes,Alta,Medio,Alta,https://hubteia.com.br/
2026-09-16,2026-09-16,1,CAIXA,Universidade_Corporativa_Luxortec_contexto_2026_07,"Como contexto recente ainda relevante, mas fora da janela de 30 dias, a InforChannel reportou modernizacao da Universidade Corporativa CAIXA para cerca de 150 mil usuarios, com plataforma da Luxortec, IA, metaverso e gamificacao.",Luxortec; IA; Metaverso; Universidade_CAIXA,,Modernizacao_de_educacao_corporativa_em_escala,Alta,Medio,Alta,https://inforchannel.com.br/2026/07/02/universidade-corporativa-caixa-adota-sistema-de-educacao-digital-para-150-mil-usuarios/
2026-09-16,2026-09-16,1,Sicoob,Sisbr_IA_base_proprietaria_assistente_Sicoob_2026,"Em 2026, o Sicoob manteve o Sisbr IA como base proprietaria para experiencias em linguagem natural, incluindo o Assistente Inteligente Sicoob conectado a jornadas de Pix, boletos e futura expansao para investimentos, credito e cartoes.",Sisbr_IA; Assistente_Inteligente_Sicoob; Pix; Credito,,Plataforma_proprietaria_de_IA_para_jornadas_de_servicos_financeiros,Alta,Medio,Alta,https://www.sicoob.com.br/
2026-07-29,2026-07-29,1,Banco Central,Ecossistema_duplicata_escritural_eletronica_BCB_2026_07_23,"Em 23/07/2026, o BCB lancou seu ecossistema de duplicata escritural eletronica, ampliando a infraestrutura de pagamentos e registros com efeito direto sobre interoperabilidade e eficiencia do mercado.",Duplicata_Escritural; Pagamentos; Infraestrutura_Financeira; Registros,,Modernizacao_de_infraestrutura_financeira_com_efeito_sistemico,Altissimo,Alto,Muito alta,https://www.bcb.gov.br/en/pressdetail/2678/nota
2026-07-29,2026-07-29,1,Banco Central,Relatorios_FMI_sistema_financeiro_BCB_2026_07_23,"Em 23/07/2026, o BCB anunciou a publicacao de relatorios do FMI sobre a economia e o sistema financeiro brasileiro, reforcando a agenda de supervisao, concorrencia e modernizacao institucional do setor.",FMI; Sistema_Financeiro; Supervisao; Concorrencia,,Validacao_externa_de_agenda_sistemica_com_efeito_sobre_bancos_e_cooperativas,Altissimo,Altissimo,Muito alta,https://www.bcb.gov.br/en/pressdetail/2679/nota
2026-07-29,2026-07-29,1,Sicoob,IA_atendimento_consultivo_investimentos_2026_07_29,"Em 29/07/2026, o Sicoob publicou que passou a disponibilizar as cooperativas uma ferramenta de IA para apoiar a equipe de investimentos na analise de perfil, historico e objetivos dos cooperados, sobre a infraestrutura proprietaria Sisbr IA, com previsao de expansao gradual ao app Sicoob.",Sisbr_IA; Investimentos; App_Sicoob; Cooperativas,,IA_aplicada_a_produtividade_comercial_e_qualidade_de_atendimento,Altissimo,Medio,Muito alta,https://www.sicoob.com.br/web/sicoob/noticias/-/asset_publisher/xAioIawpOI5S/content/id/323334641
2026-07-27,2026-07-29,3,BRB,Esclarecimentos_Vero_Noticias_CVM_2026_07_20,"Em 20/07/2026, o BRB publicou comunicado ao mercado com esclarecimentos sobre noticia da Vero Noticias e resposta ao Oficio 227/2026 da CVM, mantendo alta a temperatura institucional do caso.",Vero_Noticias; CVM; Governanca; Mercado,,Resposta_formal_a_pressao_de_midia_e_controle,Altissimo,Altissimo,Muito alta,https://ri.brb.com.br/upload/files/4183_Comuncado-ao-Mercado-Esclarecimentos-sobre-noti-cia-divulgada-na-mi-dia-Vero-Noti-cias-v2-1.pdf
2026-07-27,2026-07-29,3,BRB,Fato_Relevante_Atualizacao_Operacao_Quadra_2026_07_17,"Em 17/07/2026, o BRB publicou fato relevante informando a decisao de nao dar continuidade a operacao envolvendo a Quadra nos termos originalmente contemplados, mantendo o tema no centro da trilha de governanca e mercado.",Quadra; CVM; Governanca; Operacao_Quadra,,Atualizacao_formal_de_operacao_sensivel_em_contexto_de_crise,Altissimo,Altissimo,Muito alta,https://ri.brb.com.br/upload/files/4182_Fato-Relevante-Atualizac-a-o-sobre-Operac-a-o-Divulgada-em-20-de-Abril-de-2026-.pdf
2026-07-27,2026-07-28,2,Banco Central,FMI_Banco_Mundial_reconhecem_avancos_2026_07_24,"Em 24/07/2026, o Banco Central publicou que FMI e Banco Mundial reconheceram avancos do sistema financeiro brasileiro e apontaram agenda para fortalecer supervisao, com destaque para Pix, digitalizacao e concorrencia.",FMI; Banco_Mundial; Pix; Supervisao,,Validacao_externa_de_agenda_sistemica_com_efeito_sobre_bancos_e_cooperativas,Altissimo,Altissimo,Muito alta,https://www.bcb.gov.br/detalhenoticia/21208/noticia
2026-07-27,2026-07-29,3,Banco do Brasil,BBTS_IA_renegociacao_dividas_whatsapp_ITForum_2026_07_03,"Em 03/07/2026, o IT Forum reportou que a BBTS, com AWS e BRQ Digital Solutions, colocou IA no WhatsApp para negociacoes de dividas do Banco do Brasil, com +306% em conversoes e cerca de 50% das negociacoes concluidas sem intervencao humana.",BBTS; AWS; BRQ_Digital_Solutions; WhatsApp,,IA_aplicada_a_cobranca_e_renegociacao_digital,Altissimo,Alto,Muito alta,https://itforum.com.br/noticias/banco-do-brasil-ia-whatsapp/
2026-07-27,2026-07-28,2,Sicoob,IA_atendimento_consultivo_investimentos_2026_07_27,"Em 27/07/2026, o Sicoob publicou que passou a disponibilizar as cooperativas uma ferramenta de IA para apoiar a equipe de investimentos na analise de perfil, historico e objetivos dos cooperados, sobre a infraestrutura proprietaria Sisbr IA, com previsao de expansao gradual ao app Sicoob.",Sisbr_IA; Investimentos; App_Sicoob; Cooperativas,,IA_aplicada_a_produtividade_comercial_e_qualidade_de_atendimento,Altissimo,Medio,Muito alta,https://www.sicoob.com.br/web/sicoob/noticias/-/asset_publisher/xAioIawpOI5S/content/id/323334641
2026-07-27,2026-07-29,3,Banco do Brasil,AcademIA_BB_2026_06_09,"Como contexto recente ainda relevante, mas fora da janela de 30 dias, o Banco do Brasil manteve em junho o AcademIA BB 2026, com mais de 36 mil funcionarios em trilhas de IA generativa e agentica, governanca e curadoria humana.",AcademIA_BB; IA_Generativa; IA_Agentica; Governanca,,Capacitacao_em_escala_para_adocao_corporativa_de_IA,Altissimo,Medio,Alta,https://www.bb.com.br/pbb/pagina-inicial/imprensa/n/69153/
2026-07-27,2026-07-29,3,CAIXA,TEIA_Startups_2026_07_13,"Em 13/07/2026, o Espaco TEIA CAIXA abriu inscricoes para novo ciclo do Programa TEIA Startups, conectando startups a orgaos publicos, empresas, universidades e desafios de governo.",Espaco_TEIA_CAIXA; Startups; Universidades; Setor_Publico,,Inovacao_aberta_e_formacao_de_pipeline_de_solucoes,Alta,Medio,Alta,https://hubteia.com.br/sua-startup-pode-ser-residente-do-espaco-teia-caixa/
2026-07-27,2026-07-29,3,Sicoob,Funcafe_2026_27_cooperativas_2026_07_22,"Em 22/07/2026, o Portal do Cooperativismo Financeiro reportou que Sicredi, Sicoob e Cresol reunem cerca de 35% dos recursos do Funcafe 2026/2027, com aproximadamente R$ 1,53 bilhao ligados ao ecossistema Sicoob.",Funcafe; Sicredi; Cresol; Cooperativismo_Financeiro,,Participacao_relevante_do_cooperativismo_em_credito_setorial,Alta,Medio,Alta,https://cooperativismodecredito.coop.br/2026/07/sicredi-sicoob-e-cresol-reunem-35-dos-recursos-do-funcafe-2026-2027/
2026-07-26,2026-07-29,4,CAIXA,Abono_Salarial_CAIXA_Tem_Poupanca_Social_Digital_2026_07_14,"Em 14/07/2026, a CAIXA informou pagamento de mais de R$ 4,8 bilhoes de Abono Salarial para mais de 3,8 milhoes de trabalhadores, com distribuicao por conta CAIXA, abertura automatica de Poupanca Social Digital, uso do app CAIXA Tem e saque por biometria.",CAIXA_Tem; Poupanca_Social_Digital; Biometria; Abono_Salarial,,Escala_operacional_digital_em_pagamentos_sociais,Altissimo,Medio,Muito alta,https://caixanoticias.caixa.gov.br/Paginas/Not%C3%ADcias/2026/07-JULHO/ABONO-SALARIAL-CAIXA-paga-mais-de-R-48-bilhoes-aos-trabalhadores-nascidos-em-setembro-e-outubro.aspx
2026-07-26,2026-07-26,1,Sicoob,Workshop_Produtor_Rural_Safra_2026_27_julho_2026,"Em publicacao oficial exibida na home do Sicoob em julho de 2026, apos o 17o Workshop Produtor Rural realizado em 14 e 15/07 em Brasilia, o sistema reafirmou a oferta de R$ 70 bilhoes em credito rural para a Safra 2026/2027 e reportou R$ 59,5 bilhoes liberados ao produtor rural na safra 2025/2026, com carteira agro de R$ 95 bilhoes.",Mapa; Ministerio_da_Fazenda; MDA; Banco_Central,,Agenda_setorial_e_escala_de_credito_rural_com_interlocucao_publica,Altissimo,Medio,Muito alta,https://www.sicoob.com.br/web/sicoob
2026-07-25,2026-07-29,5,BRB,CVM_lista_inadimplentes_BRB_2026_07_03,"Em 03/07/2026, a area tecnica da CVM divulgou lista com 11 companhias abertas inadimplentes, incluindo o BRB, por nao enviarem ha pelo menos tres meses ao menos um documento periodico como DFP, ITR ou FRE.",CVM; DFP; ITR; FRE,,Sinal_regulatorio_externo_de_governanca_e_disclosure,Altissimo,Altissimo,Alta,https://www.gov.br/cvm/pt-br/assuntos/noticias/2026/area-tecnica-da-cvm-divulga-lista-com-11-companhias-abertas-inadimplentes
2026-07-24,2026-07-26,3,BRB,Fato_Relevante_Atualizacao_Operacao_Quadra_2026_07_17,"Em 17/07/2026, o BRB publicou fato relevante com atualizacao sobre a operacao divulgada em 20 de abril de 2026 envolvendo a Quadra, mantendo o tema no centro da trilha de governanca e mercado.",Quadra; CVM; Governanca; Operacao_Quadra,,Atualizacao_formal_de_operacao_sensivel_em_contexto_de_crise,Altissimo,Altissimo,Muito alta,https://ri.brb.com.br/upload/files/4182_Fato-Relevante-Atualizac-a-o-sobre-Operac-a-o-Divulgada-em-20-de-Abril-de-2026-.pdf
2026-07-24,2026-07-29,6,BRB,Formulario_de_Referencia_2025_listado_no_RI_2026_07_23,"Em 23/07/2026, o portal de RI do BRB listou o FRE - Formulario de Referencia 2025, adicionando um artefato formal novo ao pacote de governanca acompanhado por mercado, reguladores e stakeholders institucionais.",Formulario_de_Referencia; RI_BRB; Governanca; CVM,,Atualizacao_formal_de_governanca_em_contexto_de_escrutinio,Alta,Altissimo,Alta,https://ri.brb.com.br/pt/noticias
2026-07-24,2026-07-28,5,Banco Central,Pix_por_aproximacao_sem_teto_fixo_2026_06_19,"Em 19/06/2026, o Banco Central publicou que o Pix por aproximacao ganhou mais flexibilidade e deixou de ter teto fixo de R$ 500, com prazo ate 01/10/2026 para adequacao das instituicoes.",Pix; Open_Finance; Pagamentos_Digitais; Aproximacao,,Flexibilizacao_regulatoria_com_impacto_direto_em_pagamentos_digitais,Altissimo,Alto,Alta,https://www.bcb.gov.br/detalhenoticia/21169/noticia
2026-07-24,2026-07-26,3,Sicoob,Funcafe_2026_27_cooperativas_2026_07_22,"Em 22/07/2026, o Portal do Cooperativismo Financeiro reportou que Sicredi, Sicoob e Cresol reunem 35% dos recursos do Funcafe 2026/2027, reforcando o peso do cooperativismo financeiro na cadeia do cafe.",Funcafe; Sicredi; Cresol; Cooperativismo_Financeiro,,Participacao_relevante_do_cooperativismo_em_credito_setorial,Alta,Medio,Alta,https://cooperativismodecredito.coop.br/2026/07/sicredi-sicoob-e-cresol-reunem-35-dos-recursos-do-funcafe-2026-2027/
2026-07-24,2026-07-25,2,Sicoob,Goleada_de_Ofertas_2026_06_11,"Em 11/06/2026, o Sicoob colocou no ar a campanha Goleada de Ofertas, usando Zico, Endrick e influenciadores como plataforma nacional de engajamento, aquisicao e estrategia comercial ao longo de junho e julho.",Zico; Endrick; Influenciadores; Futebol,,Plataforma_comercial_de_marca_e_aquisicao,Alta,Baixo,Alta,https://www.sicoob.com.br/goleada/
2026-07-23,2026-07-23,1,Sicoob,Goleada_de_Ofertas_2026_07_20,"Em 20/07/2026, o Sicoob publicou a campanha Goleada de Ofertas, usando Zico, Endrick e influenciadores como plataforma nacional de engajamento, aquisicao e estrategia de negocios.",Zico; Endrick; Influenciadores; Futebol,,Plataforma_comercial_de_marca_e_aquisicao,Alta,Baixo,Muito alta,https://www.sicoob.com.br/web/sicoob/noticias/-/asset_publisher/xAioIawpOI5S/content/id/321076677
2026-07-23,2026-07-23,1,BRB,Formulario_de_Referencia_2025_2026_07_22,"Em 22/07/2026, o BRB arquivou no portal de RI o Formulario de Referencia 2025, adicionando um documento formal novo ao pacote de governanca acompanhado pelo mercado.",Formulario_de_Referencia; RI_BRB; Governanca; CVM,,Atualizacao_formal_de_governanca_em_contexto_de_escrutinio,Alta,Altissimo,Alta,https://ri.brb.com.br/upload/files/4184_159606_014206_22072026130745.pdf
2026-07-23,2026-07-23,1,Banco Central,Pix_por_aproximacao_sem_teto_fixo_2026_06_19,"Em 19/06/2026, a ADVFN Brasil reportou a mudanca regulatoria do Banco Central que retirou o teto fixo de R$ 500 do Pix por aproximacao e manteve prazo ate 01/10/2026 para adequacao das instituicoes.",Pix; Open_Finance; Pagamentos_Digitais; Aproximacao,,Flexibilizacao_regulatoria_com_impacto_direto_em_pagamentos_digitais,Altissimo,Alto,Alta,https://br.advfn.com/jornal/2026/06/pix-por-aproximacao-tera-limite-flexivel-a-partir-de-outubro-banco-central-amplia-autonomia-dos-usuarios
2026-07-23,2026-07-23,1,CAIXA,TEIA_Startups_2026_07_13,"Em 13/07/2026, o Espaco TEIA CAIXA abriu inscricoes para um novo ciclo do Programa TEIA Startups, conectando startups a orgaos publicos, empresas, universidades e desafios estrategicos da CAIXA.",Espaco_TEIA_CAIXA; Startups; Universidades; Setor_Publico,,Inovacao_aberta_e_formacao_de_pipeline_de_solucoes,Alta,Medio,Alta,https://www.hubteia.com.br/sua-startup-pode-ser-residente-do-espaco-teia-caixa/
2026-07-23,2026-07-23,1,Sicoob,Funcafe_2026_27_cooperativas_2026_07_22,"Em 22/07/2026, o Portal do Cooperativismo Financeiro reportou que Sicredi, Sicoob e Cresol reúnem 35% dos recursos do Funcafe 2026/2027, reforcando o peso do cooperativismo financeiro na cadeia do cafe.",Funcafe; Sicredi; Cresol; Cooperativismo_Financeiro,,Participacao_relevante_do_cooperativismo_em_credito_setorial,Alta,Medio,Alta,https://cooperativismodecredito.coop.br/2026/07/sicredi-sicoob-e-cresol-reunem-35-dos-recursos-do-funcafe-2026-2027/
2026-07-22,2026-07-22,1,BRB,Atualizacao_operacao_divulgada_20_abril_2026_07_17,"Em 17/07/2026, o BRB publicou fato relevante de atualizacao sobre a operacao divulgada em 20 de abril de 2026, mantendo o caso no centro do monitoramento institucional do banco.",Banco_Master; Operacao_20_Abril; CVM; Governanca,,Atualizacao_formal_de_operacao_sensivel_com_efeito_em_governanca,Altissimo,Altissimo,Muito alta,https://ri.brb.com.br/upload/files/4182_Fato-Relevante-Atualizac-a-o-sobre-Operac-a-o-Divulgada-em-20-de-Abril-de-2026-.pdf
2026-07-22,2026-07-26,5,BRB,Esclarecimentos_Vero_Noticias_2026_07_20,"Em 20/07/2026, o BRB publicou comunicado ao mercado com esclarecimentos sobre noticia divulgada na midia pela Vero Noticias, mantendo alta a temperatura institucional do caso.",Vero_Noticias; CVM; Governanca; Mercado,,Resposta_formal_a_pressao_de_midia_e_controle,Altissimo,Altissimo,Muito alta,https://ri.brb.com.br/upload/files/4183_Comuncado-ao-Mercado-Esclarecimentos-sobre-noti-cia-divulgada-na-mi-dia-Vero-Noti-cias-v2-1.pdf
2026-07-22,2026-07-29,8,Banco do Brasil,Plataforma_IA_conversacional_app_whatsapp_2026_07_09,"Em 09/07/2026, o Banco do Brasil informou o lancamento de uma plataforma de IA conversacional integrada ao aplicativo e ao WhatsApp, com multiplos agentes e um orquestrador central para executar jornadas em linguagem natural.",Aplicativo_BB; WhatsApp; IA_Conversacional; Agentes_de_IA,,Orquestracao_de_canais_digitais_com_IA_conversacional,Altissimo,Medio,Muito alta,https://www.bb.com.br/pbb/pagina-inicial/imprensa/n/69198/bb-lanca-plataforma-de-ia-que-transforma-atendimento-em-conversas
2026-07-22,2026-07-22,1,Sicoob,Goleada_de_Ofertas_2026_07_22,"Em 22/07/2026, o Sicoob publicou a campanha Goleada de Ofertas, usando Zico, Endrick e um time de influenciadores como plataforma nacional de engajamento, aquisicao e estrategia de negocios.",Zico; Endrick; Influenciadores; Futebol,,Plataforma_comercial_de_marca_e_aquisicao,Alta,Baixo,Muito alta,https://www.sicoob.com.br/web/sicoob/noticias/-/asset_publisher/xAioIawpOI5S/content/id/321076677
2026-07-21,2026-07-21,1,BRB,Esclarecimentos_Vero_Noticias_2026_07_20,"Em 20/07/2026, a pagina de Documentos CVM do BRB passou a destacar comunicado ao mercado com esclarecimentos sobre noticia divulgada na midia pela Vero Noticias, mantendo alta a temperatura institucional do caso.",Vero_Noticias; Documentos_CVM; Mercado; Governanca,,Resposta_formal_a_pressao_de_midia_e_controle,Altissimo,Altissimo,Muito alta,https://ri.brb.com.br/pt/documentos-cvm
2026-07-21,2026-07-26,6,Banco do Brasil,AcademIA_BB_2026_06_09,"Em 09/06/2026, o Banco do Brasil informou que o AcademIA BB 2026 reuniu mais de 36 mil funcionarios em trilhas de IA generativa e agentica, com enfase em governanca e curadoria humana.",AcademIA_BB; IA_Generativa; IA_Agentica; Governanca,,Capacitacao_em_escala_para_adocao_corporativa_de_IA,Altissimo,Medio,Muito alta,https://www.bb.com.br/pbb/pagina-inicial/imprensa/n/69153/
2026-07-21,2026-07-21,1,Banco do Brasil,Plataforma_IA_conversacional_app_whatsapp_2026_07_10,"Em 10/07/2026, a TI Inside reportou que o Banco do Brasil lancou uma plataforma de IA conversacional integrada ao aplicativo e ao WhatsApp para executar operacoes em linguagem natural.",TI_Inside; WhatsApp; Aplicativo_BB; IA_Conversacional,,Orquestracao_de_canais_digitais_com_IA_conversacional,Altissimo,Medio,Muito alta,https://tiinside.com.br/10/07/2026/banco-do-brasil-lanca-plataforma-de-ia-conversacional-integrada-ao-app-e-whatsapp/
2026-07-21,2026-07-25,5,CAIXA,Abono_Salarial_CAIXA_Tem_Poupanca_Social_Digital_2026_07_15,"Em 15/07/2026, a CAIXA informou pagamento de mais de R$ 4,8 bilhoes de Abono Salarial com distribuicao por conta CAIXA, abertura automatica de Poupanca Social Digital e uso do app CAIXA Tem, alem de biometria.",CAIXA_Tem; Poupanca_Social_Digital; Biometria; Abono_Salarial,,Escala_operacional_digital_em_pagamentos_sociais,Altissimo,Medio,Muito alta,https://caixanoticias.caixa.gov.br/Paginas/Not%C3%ADcias/2026/07-JULHO/ABONO-SALARIAL-CAIXA-paga-mais-de-R-48-bilhoes-aos-trabalhadores-nascidos-em-setembro-e-outubro.aspx
2026-07-21,2026-07-29,9,CAIXA,Bolsa_Familia_CAIXA_Tem_2026_07_17,"Em 17/07/2026, a CAIXA informou o inicio do pagamento de julho do Bolsa Familia com uso preferencial do app CAIXA Tem, possibilidade de saque sem cartao por biometria e antecipacao para municipios em emergencia.",CAIXA_Tem; Biometria; Bolsa_Familia; Beneficios_Sociais,,Escala_operacional_digital_em_pagamentos_sociais,Altissimo,Medio,Muito alta,https://caixanoticias.caixa.gov.br/Paginas/Not%C3%ADcias/2026/07-JULHO/CAIXA-inicia-pagamento-do-Bolsa-Fam%C3%ADlia-referente-ao-m%C3%AAs-de-julho-nesta-segunda-feira-%2820%29.aspx
2026-07-21,2026-07-26,5,CAIXA,TEIA_Startups_2026_07_13,"Em 13/07/2026, o Espaco TEIA CAIXA abriu inscricoes para um novo ciclo do Programa TEIA Startups, conectando startups a orgaos publicos, empresas, universidades e desafios estrategicos da CAIXA.",Espaco_TEIA_CAIXA; Startups; Universidades; Setor_Publico,,Inovacao_aberta_e_formacao_de_pipeline_de_solucoes,Alta,Medio,Alta,https://hubteia.com.br/sua-startup-pode-ser-residente-do-espaco-teia-caixa/
2026-07-20,2026-07-23,4,BRB,Crise_pos_Master_prazo_limite_2026_07_10,"Em 10/07/2026, a Folha reportou que o BRB completou um ano sem divulgar resultados e se aproximava de prazo limite para resolver a crise pos-Banco Master.",Folha; Banco_Master; Resultados; Prazo_Limite,,Pressao_de_mercado_e_governanca_sobre_recomposicao_financeira,Altissimo,Altissimo,Muito alta,https://www1.folha.uol.com.br/mercado/2026/07/brb-completa-1-ano-sem-divulgar-resultado-e-se-aproxima-de-prazo-limite-para-resolver-crise-pos-master.shtml
2026-07-20,2026-07-20,1,Banco do Brasil,AcademIA_BB_2026_06_08,"Em 08/06/2026, a TI Inside reportou que o AcademIA BB 2026 engajou mais de 36 mil funcionarios do Banco do Brasil em capacitacao sobre IA generativa e agentica, combinando tecnologia avancada, curadoria humana e governanca.",TI_Inside; AcademIA_BB; IA_Generativa; IA_Agentica,,Capacitacao_em_escala_para_adocao_corporativa_de_IA,Altissimo,Medio,Muito alta,https://tiinside.com.br/08/06/2026/banco-do-brasil-engaja-mais-de-36-mil-funcionarios-em-programa-de-capacitacao-para-ia-generativa-e-agentica/
2026-07-20,2026-07-21,2,Sicoob,Goleada_de_Ofertas_2026_07_18,"Em 18/07/2026, o Sicoob lancou a campanha Goleada de Ofertas, usando futebol e influenciadores como plataforma de engajamento, aquisicao e estrategia de negocios.",Zico; Endrick; Influenciadores; Futebol,,Plataforma_comercial_de_marca_e_aquisicao,Alta,Baixo,Muito alta,https://www.sicoob.com.br/web/sicoob/noticias/-/asset_publisher/xAioIawpOI5S/content/id/321076677
2026-07-20,2026-07-29,10,Sicoob,Plano_Safra_2026_27_70_bilhoes_2026_07_06,"Em 06/07/2026, o Portal do Cooperativismo Financeiro reportou que o Sicoob vai liberar R$ 70 bilhoes em credito rural para o Plano Safra 2026/27, alta de 17,7% sobre o ciclo anterior.",Plano_Safra; Credito_Rural; Agro; Cooperativismo_Financeiro,,Escala_de_distribuicao_financeira_no_agro,Altissimo,Medio,Muito alta,https://cooperativismodecredito.coop.br/2026/07/sicoob-amplia-credito-rural-e-disponibiliza-r-70-bilhoes-para-o-plano-safra-2026-27/
2026-07-20,2026-07-26,7,Banco Central,BC_mira_baixa_recuperacao_fraudes_Pix_2026_06_10,"Em 10/06/2026, a Finsiders Brasil reportou que o Banco Central esta de olho em instituicoes com taxa de recuperacao de recursos fraudados abaixo de 9% no Pix.",Fraudes; Pix; Recuperacao_de_Recursos; Finsiders_Brasil,,Vigilancia_supervisora_com_pressao_sobre_controles_anti_fraude,Altissimo,Altissimo,Alta,https://finsidersbrasil.com.br/regulamentacao/bc-mira-instituicoes-com-baixa-recuperacao-de-fraudes-no-pix/
2026-07-20,2026-07-20,1,CAIXA,TEIA_Startups_2026_07_13,"Em 13/07/2026, o Espaco TEIA CAIXA abriu inscricoes para um novo ciclo do Programa TEIA Startups, conectando startups a orgaos publicos, empresas, universidades e oportunidades de negocio em inovacao publica.",Espaco_TEIA_CAIXA; Startups; Universidades; Setor_Publico,,Inovacao_aberta_e_formacao_de_pipeline_de_solucoes,Alta,Medio,Alta,https://hubteia.com.br/sua-startup-pode-ser-residente-do-espaco-teia-caixa/
2026-07-19,2026-07-21,3,BRB,Atualizacao_operacao_divulgada_20_abril_2026_07_17,"Em 17/07/2026, a pagina de Documentos CVM do BRB passou a destacar fato relevante de atualizacao sobre a operacao divulgada em 20 de abril de 2026, mantendo o caso no centro do monitoramento institucional do banco.",Banco_Master; Operacao_20_Abril; Documentos_CVM; Governanca,,Atualizacao_formal_de_operacao_sensivel_com_efeito_em_governanca,Altissimo,Altissimo,Muito alta,https://ri.brb.com.br/pt/documentos-cvm
2026-07-19,2026-07-22,4,Banco Central,Pix_por_aproximacao_sem_teto_fixo_2026_06_19,"Em 19/06/2026, o Banco Central retirou o teto fixo de R$ 500 do Pix por aproximacao e deu prazo ate 01/10/2026 para adaptacao das instituicoes.",Pix; Open_Finance; Pagamentos_Digitais; Aproximacao,,Flexibilizacao_regulatoria_com_impacto_direto_em_pagamentos_digitais,Altissimo,Alto,Muito alta,https://www.bcb.gov.br/detalhenoticia/21169/noticia
2026-07-19,2026-07-26,8,Banco do Brasil,BBTS_IA_renegociacao_dividas_whatsapp_2026_07_14,"Em 14/07/2026, a Let's Money reportou que a BBTS, com AWS e BRQ Digital Solutions, colocou uma IA generativa no WhatsApp para renegociacao de dividas do Banco do Brasil, com +306% em conversoes e cerca de 50% das interacoes concluidas sem atendente.",BBTS; AWS; BRQ_Digital_Solutions; WhatsApp,,IA_aplicada_a_cobranca_e_renegociacao_digital,Altissimo,Alto,Muito alta,https://www.letsmoney.com.br/noticias/ia-banco-do-brasil-negocia-divida-whatsapp/
2026-07-19,2026-07-20,2,CAIXA,Abono_Salarial_CAIXA_Tem_Poupanca_Social_Digital_2026_07_14,"Em 14/07/2026, a CAIXA informou pagamento de mais de R$ 4,8 bilhoes de Abono Salarial com distribuicao por conta CAIXA, abertura automatica de Poupanca Social Digital e uso do app CAIXA Tem, alem de alternativas por biometria.",CAIXA_Tem; Poupanca_Social_Digital; Biometria; Abono_Salarial,,Escala_operacional_digital_em_pagamentos_sociais,Altissimo,Medio,Muito alta,https://caixanoticias.caixa.gov.br/Paginas/Not%C3%ADcias/2026/07-JULHO/ABONO-SALARIAL-CAIXA-paga-mais-de-R-48-bilhoes-aos-trabalhadores-nascidos-em-setembro-e-outubro.aspx
2026-07-19,2026-07-26,8,Sicoob,IA_atendimento_consultivo_investimentos_2026_07_17,"Em 17/07/2026, o Sicoob publicou que passou a usar inteligencia artificial para fortalecer o atendimento consultivo das cooperativas em investimentos, apoiando a equipe com mais velocidade e padronizacao analitica.",IA; Investimentos; Atendimento_Consultivo; Cooperativas; Sisbr_IA,,IA_aplicada_a_produtividade_comercial_e_qualidade_de_atendimento,Altissimo,Medio,Muito alta,https://www.sicoob.com.br/web/sicoob/noticias/-/asset_publisher/xAioIawpOI5S/content/id/323334641
2026-07-19,2026-07-19,1,CAIXA,SISBAJUD_acordo_CNJ_2026_05_11,"Em 11/05/2026, o CNJ informou acordo com instituicoes financeiras, incluindo a CAIXA, para aperfeicoar o SISBAJUD, reforcando integracao, governanca e automacao em trilha sensivel de dados e ordens judiciais.",CNJ; SISBAJUD; Judiciario; CAIXA,,Integracao_institucional_com_efeito_em_governanca_e_dados,Altissimo,Alto,Alta,https://www.cnj.jus.br/ministro-fachin-assina-acordo-com-instituicoes-financeiras-para-aperfeicoar-sisbajud/
2026-07-19,2026-07-19,1,Sicoob,Patrocinio_futebol_feminino_2026_07_10,"Em 10/07/2026, o Sicoob anunciou patrocinio as principais competicoes do futebol feminino brasileiro, tratando o esporte como plataforma estrategica de conexao e negocio.",Futebol_Feminino; Patrocinio; Marca; Negocio,,Expansao_de_marca_com_foco_em_aquisicao_e_relacionamento,Alta,Baixo,Alta,https://www.sicoob.com.br/web/sicoobcreditaipu/noticias/-/asset_publisher/xAioIawpOI5S/content/id/322906091
2026-07-18,2026-07-18,1,Banco do Brasil,BBTS_IA_renegociacao_dividas_whatsapp_2026_07_14,"Em 14/07/2026, a Let's Money reportou que a BBTS, com AWS e BRQ Digital Solutions, colocou uma IA generativa no WhatsApp para renegociacao de dividas do Banco do Brasil, com +306% em conversoes e cerca de 50% das interacoes concluida sem atendente.",BBTS; AWS; BRQ_Digital_Solutions; WhatsApp,,IA_aplicada_a_cobranca_e_renegociacao_digital,Altissimo,Alto,Muito alta,https://www.letsmoney.com.br/noticias/ia-banco-do-brasil-negocia-divida-whatsapp/
2026-07-18,2026-07-20,3,Banco do Brasil,Celent_Model_Bank_2026_06_16,"Em 16/06/2026, a Let's Money reportou que o Banco do Brasil foi eleito Banco do Ano pelo Celent Model Bank 2026, com destaque para uso de IA e analytics em larga escala.",Celent; Analytics; IA; Tecnologia_Digital,,Reconhecimento_externo_da_estrategia_digital_e_de_IA,Altissimo,Medio,Alta,https://www.letsmoney.com.br/noticias/bb-banco-ano-celent-model-bank/
2026-07-17,2026-07-20,4,BRB,Posse_DIPES_2026_07_02,"Em 02/07/2026, o BRB publicou fato relevante de Posse DIPES, mantendo a reorganizacao executiva em diretoria critica para governanca e pessoas.",BRB; DIPES; Governanca; Diretoria,,Reorganizacao_executiva_em_area_sensivel,Alta,Alto,Muito alta,https://ri.brb.com.br/upload/files/4178_Fato-Relevante-Posse_DIPES__.pdf
2026-07-17,2026-07-19,3,Banco Central,BC_endurece_acesso_SFN_fraudes_2026_06_09,"Em 09/06/2026, a Finsiders Brasil reportou que o Banco Central reforcou exigencias para entrada e permanencia no sistema financeiro, com foco em prevencao a fraudes, ataques e capacidade operacional das instituicoes.",Fraudes; Resiliencia; Finsiders_Brasil; Capacidade_Operacional,,Endurecimento_supervisor_com_pressao_sobre_controles_e_seguranca,Altissimo,Altissimo,Muito alta,https://finsidersbrasil.com.br/regulamentacao/bc-endurece-acesso-ao-sistema-financeiro-e-mira-fraudes/
2026-07-17,2026-07-22,6,Banco Central,Contas_em_moeda_estrangeira_regulacao_cambial_2026_07_01,"Em 01/07/2026, o Banco Central ampliou o acesso a contas em moeda estrangeira e modernizou a regulacao cambial no pais para reduzir custos, simplificar operacoes e dar mais eficiencia aos negocios internacionais.",Cambio; Contas_Em_Moeda_Estrangeira; Negocios_Internacionais; Regulacao_Cambial,,Modernizacao_regulatoria_com_impacto_em_sistemas_e_processos,Altissimo,Altissimo,Muito alta,https://www.bcb.gov.br/detalhenoticia/21191/noticia
2026-07-17,2026-07-18,2,Banco Central,Open_Finance_saldo_limite_no_Pix_2026_06_23,"Em 23/06/2026, a Finsiders Brasil resumiu a nova etapa em que o Open Finance passa a permitir compartilhamento de saldo e limite antes da confirmacao do Pix por aproximacao, reduzindo transacoes recusadas e abrindo novas jornadas de checkout.",Open_Finance; Pix; Saldo; Limite,,Integracao_operacional_de_pagamentos_digitais_e_dados_financeiros,Altissimo,Alto,Muito alta,https://finsidersbrasil.com.br/pagamentos/open-finance-permite-compartilhamento-de-saldo-e-limite-em-pix-por-aproximacao/
2026-07-17,2026-07-17,1,Banco do Brasil,BBTS_IA_renegociacao_dividas_whatsapp_2026_07_14,"Em 14/07/2026, a Let's Money reportou que a BBTS, com AWS e BRQ Digital Solutions, colocou uma IA generativa no WhatsApp para renegociacao de dividas do Banco do Brasil, com +306% em conversoes e 50% das interacoes concluida sem atendente.",BBTS; AWS; BRQ_Digital_Solutions; WhatsApp,,IA_aplicada_a_cobranca_e_renegociacao_digital,Altissimo,Alto,Muito alta,https://www.letsmoney.com.br/noticias/ia-banco-do-brasil-negocia-divida-whatsapp/
2026-07-17,2026-07-19,3,Banco do Brasil,Plataforma_IA_conversacional_2026_07_08,"Em 08/07/2026, o Banco do Brasil lancou plataforma de IA integrada a servicos e canais para permitir operacoes por conversas em linguagem natural no aplicativo e em outros pontos de contato.",IA_Generativa; Canais_Digitais; Linguagem_Natural; App_BB,,Orquestracao_conversacional_de_atendimento_e_servicos,Altissimo,Alto,Muito alta,https://www.bb.com.br/pbb/pagina-inicial/imprensa/n/69198/bb-lanca-plataforma-de-ia-que-transforma-atendimento-em-conversas
2026-07-17,2026-07-18,2,CAIXA,Protocolo_MDA_CONTAG_agricultura_familiar_2026_07_01,"Em 01/07/2026, a CAIXA assinou com MDA e Contag protocolo para ampliar credito rural e microcredito a agricultores familiares de municipios de baixa renda, com foco em efetividade de politicas publicas vinculadas ao Pronaf.",MDA; Contag; Pronaf; Microcredito,,Expansao_de_credito_publico_com_apoio_institucional_e_capilaridade_social,Altissimo,Medio,Muito alta,https://caixanoticias.caixa.gov.br/Paginas/Not%C3%ADcias/2026/07-JULHO/CAIXA-assina-acordo-com-MDA-e-Contag-para-fortalecer-a-agricultura-familiar-.aspx
2026-07-17,2026-07-18,2,Sicoob,Goleada_de_Ofertas_campanha_digital_2026_07_17,"Em 17/07/2026, o Sicoob publicou a campanha Goleada de Ofertas com Zico, Endrick, creators e ativacao do Coopera para transformar audiencia esportiva em engajamento e relacionamento.",Zico; Endrick; Coopera; Creators,,Ativacao_comercial_com_forte_componente_digital_e_de_marca,Altissimo,Baixo,Muito alta,https://www.sicoob.com.br/web/sicoob/noticias/-/asset_publisher/xAioIawpOI5S/content/id/321076677
2026-07-17,2026-07-18,2,Sicoob,Super_App_Banking_Transformation_2026_07_17,"Em 17/07/2026, o Sicoob destacou publicamente o reconhecimento do Super App Sicoob como melhor aplicativo do mercado financeiro no Premio Banking Transformation, com cerca de 7,5 milhoes de acessos diarios e mais de 18 bilhoes de transacoes em 2025.",Super_App_Sicoob; Cantarino_Brasileiro; Banking_Transformation; Canais_Digitais,,Validacao_externa_do_principal_canal_de_relacionamento_digital,Altissimo,Medio,Muito alta,https://www.sicoob.com.br/web/sicoobes/noticias/-/asset_publisher/xAioIawpOI5S/content/id/318241150
2026-07-17,2026-07-18,2,BRB,Acordo_FGC_2026_05_28,"Em 28/05/2026, o BRB publicou fato relevante sobre acordo com o FGC, mantendo no radar a leitura de capital, garantias e arranjo institucional de estabilizacao.",FGC; Capital; Garantias; Reestruturacao,,Rearranjo_financeiro_e_institucional_com_efeito_sistemico,Altissimo,Altissimo,Alta,https://ri.brb.com.br/upload/files/4164_Fato-Relevante-acordo-FGC-v2-1.pdf
2026-07-17,2026-07-24,8,BRB,Crise_BRB_Banco_Master_sob_escrutinio_politico_2026_06_26,"Em 26/06/2026, a Radio Senado reportou requerimento para ouvir o secretario de Economia do DF sobre os impactos da crise envolvendo BRB e Banco Master nas contas publicas do Distrito Federal.",Banco_Master; GDF; Radio_Senado; Contas_Publicas,,Pressao_politica_e_fiscal_sobre_reestruturacao_do_banco,Altissimo,Altissimo,Alta,https://www12.senado.leg.br/radio/1/noticia/2026/06/26/comissao-deve-ouvir-secretario-do-df-sobre-impactos-da-crise-do-brb
2026-07-17,2026-07-19,3,BRB,Nota_imprensa_operacao_PicPay_2026_06_19,"Em 19/06/2026, o BRB publicou nota a imprensa para negar contrato com a PicPay no contexto da operacao investigada e reforcar que os fatos nao diziam respeito a atual administracao do banco.",PicPay; BRB_Servicos; Consignado; Investigacao,,Gestao_de_crise_e_contencao_reputacional,Alta,Altissimo,Alta,https://novo.brb.com.br/imprensa/nota-a-imprensa-19-06/
2026-07-16,2026-07-16,1,BRB,Comunicado_Mercado_Estadao_2026_07_01,"Em 01/07/2026, o BRB publicou Comunicado ao Mercado em resposta a oficio da CVM/SEP sobre noticia do Estadão envolvendo o aporte de capital e a operacao em curso.",CVM; SEP; Estadao; Aporte_de_Capital,,Resposta_formal_ao_mercado_em_cenario_de_estresse_reputacional,Altissimo,Altissimo,Muito alta,https://www.rad.cvm.gov.br/ENETCONSULTA/frmDownloadDocumento.aspx?CodigoInstituicao=1&Tela=99&descTipo=IPE&numProtocolo=1540805&numSequencia=1065511&numVersao=1
2026-07-16,2026-07-16,1,BRB,Perdas_8_8_bilhoes_CAE_Senado_2026_06_09,"Em 09/06/2026, o presidente do BRB afirmou na CAE do Senado que as perdas chegam a R$ 8,8 bilhoes e que o balanco ainda nao estava pronto.",Senado; CAE; Perdas; Balanco,,Pressao_politico_financeira_sobre_governanca_e_capital,Altissimo,Altissimo,Muito alta,https://www12.senado.leg.br/tv/programas/noticias-1/2026/06/presidente-do-brb-afirma-na-cae-que-divida-do-banco-chega-a-r-8-8-bilhoes
2026-07-16,2026-07-16,1,BRB,SEP_CVM_lista_atraso_documentos_2026_07_03,"Em 03/07/2026, a Capital Aberto reportou que o BRB apareceu em lista da SEP/CVM de companhias inadimplentes por atraso superior a tres meses na entrega de documentos obrigatorios.",SEP; CVM; Capital_Aberto; Documentos_Periodicos,,Pressao_publica_de_transparencia_e_compliance,Altissimo,Altissimo,Muito alta,https://capitalaberto.com.br/companhias-abertas/cvm-lista-atraso-documentos/
2026-07-16,2026-07-16,1,Banco Central,BC_endurece_acesso_SFN_fraudes_2026_06_09,"Em 09/06/2026, o Finsiders Brasil reportou que o Banco Central reforcou exigencias para entrada e permanencia no sistema financeiro, com foco em prevencao a fraudes, ataques e capacidade operacional das instituicoes.",Fraudes; Resiliencia; Finsiders_Brasil; Capacidade_Operacional,,Endurecimento_supervisor_com_pressao_sobre_controles_e_seguranca,Altissimo,Altissimo,Muito alta,https://finsidersbrasil.com.br/regulamentacao/bc-endurece-acesso-ao-sistema-financeiro-e-mira-fraudes/
2026-07-16,2026-07-17,2,Banco do Brasil,AcademIA_BB_36_mil_agentes_2026_06_09,"Em 09/06/2026, a Let's Money reportou que o AcademIA BB 2026 reunia mais de 36 mil inscritos, enquanto o banco operava mais de 12 mil agentes do Copilot e cerca de 1,2 mil modelos de IA em producao.",Microsoft; Google_Cloud; IBM; Copilot,IBM,Capacitacao_institucional_e_escala_operacional_de_IA,Altissimo,Alto,Muito alta,https://www.letsmoney.com.br/noticias/banco-do-brasil-academia-bb-ia-agentica/
2026-07-16,2026-07-16,1,Banco do Brasil,Celent_Model_Bank_2026_06_16,"Em 16/06/2026, a Let's Money reportou que o Banco do Brasil foi eleito Banco do Ano no Celent Model Bank 2026, com reconhecimento pelo uso de IA e analytics em larga escala.",Celent; Analytics; IA; Let's_Money,,Reconhecimento_externo_de_maturidade_em_IA_e_analytics,Altissimo,Medio,Muito alta,https://www.letsmoney.com.br/noticias/bb-banco-ano-celent-model-bank/
2026-07-16,2026-07-16,1,Banco do Brasil,Plataforma_IA_conversacional_2026_07_08,"Em 08/07/2026, o BB lancou plataforma de IA integrada a servicos e canais para permitir operacoes por conversas em linguagem natural no aplicativo e em outros pontos de contato.",IA_Generativa; Canais_Digitais; Linguagem_Natural,,Orquestracao_conversacional_de_atendimento_e_servicos,Altissimo,Alto,Muito alta,https://www.bb.com.br/pbb/pagina-inicial/imprensa/n/69198/bb-lanca-plataforma-de-ia-que-transforma-atendimento-em-conversas
2026-07-16,2026-07-16,1,Sicoob,Goleada_de_Ofertas_campanha_digital_2026_07_15,"Em 15/07/2026, o Sicoob publicou a campanha Goleada de Ofertas com Zico, Endrick, Luis Fabiano, Fred Guedes, creators e ativacao do Coopera para transformar audiencia esportiva em engajamento e relacionamento.",Zico; Endrick; Coopera; Creators,,Ativacao_comercial_com_forte_componente_digital_e_de_marca,Altissimo,Baixo,Muito alta,https://www.sicoob.com.br/web/sicoob/noticias/-/asset_publisher/xAioIawpOI5S/content/id/321076677
2026-07-16,2026-07-16,1,Sicoob,Super_App_Banking_Transformation_2026_07_16,"Em 16/07/2026, o Sicoob destacou publicamente o reconhecimento do Super App Sicoob como melhor aplicativo do mercado financeiro no Premio Banking Transformation, com cerca de 7,5 milhoes de acessos diarios e mais de 18 bilhoes de transacoes em 2025.",Super_App_Sicoob; Cantarino_Brasileiro; Banking_Transformation; Canais_Digitais,,Validacao_externa_do_principal_canal_de_relacionamento_digital,Altissimo,Medio,Muito alta,https://www.sicoob.com.br/web/sicoob/noticias/-/asset_publisher/xAioIawpOI5S/content/id/318241150
2026-07-16,2026-07-16,1,BRB,Posse_DIPES_2026_07_02,"Em 02/07/2026, o BRB divulgou fato relevante de Posse DIPES, mantendo a reorganizacao em uma diretoria critica de governanca e pessoas.",DIPES; BRB; Governanca; RI,,Rearranjo_executivo_em_area_sensivel,Alta,Altissimo,Alta,https://ri.brb.com.br/pt/documentos-cvm
2026-07-16,2026-07-19,4,Sicoob,Dez_milhoes_cooperados_2026_05_26,"Em 26/05/2026, o Portal do Cooperativismo Financeiro reportou que o Sicoob ultrapassou 10 milhoes de cooperados, reforcando escala comercial, capilaridade e capacidade de distribuicao nacional.",Cooperados; Capilaridade; Expansao_Comercial; Cooperativismo,,Cobertura_externa_sobre_escala_e_posicionamento_do_sistema,Altissimo,Medio,Alta,https://cooperativismodecredito.coop.br/2026/05/sicoob-alcanca-novo-patamar-de-cooperados-e-reafirma-a-forca-do-modelo-cooperativo-no-brasil/
2026-07-16,2026-07-22,7,Sicoob,HDI_embedded_insurance_2026_06_02,"Em 02/06/2026, o Portal do Cooperativismo Financeiro destacou a parceria entre Sicoob e Grupo HDI para embutir seguro na jornada de financiamento veicular, reduzindo friccao operacional e acelerando a protecao ao cooperado.",Grupo_HDI; Seguro_Auto_Financiado; Embedded_Insurance; Credito_Veicular,,Parceria_de_produto_combinando_credito_e_seguro_na_mesma_jornada,Alta,Medio,Alta,https://cooperativismodecredito.coop.br/2026/06/sicoob-e-grupo-hdi-anunciam-parceria-e-lancam-solucao-que-une-credito-e-seguro/
2026-07-15,2026-07-29,9,Banco Central,Contas_em_moeda_estrangeira_regulacao_cambial_2026_07_01,"Em 01/07/2026, o Banco Central ampliou o acesso a contas em moeda estrangeira e modernizou a regulacao cambial para reduzir custos, simplificar operacoes e dar mais eficiencia aos negocios internacionais.",Cambio; Contas_Em_Moeda_Estrangeira; Negocios_Internacionais; Regulacao_Cambial,,Modernizacao_regulatoria_com_impacto_em_sistemas_e_processos,Altissimo,Altissimo,Muito alta,https://www.bcb.gov.br/detalhenoticia/21191/noticia
2026-07-15,2026-07-16,2,Banco Central,Pix_Aproximacao_Open_Finance_2026_06_23,"Em 23/06/2026, o Portal Contabeis resumiu a nova etapa do Pix por aproximacao com Open Finance, permitindo visualizar saldo e limite antes da confirmacao do pagamento.",Pix; Open_Finance; Saldo; Limite,,Integracao_operacional_de_pagamentos_digitais_e_dados_financeiros,Altissimo,Alto,Muito alta,https://www.contabeis.com.br/noticias/77601/bc-amplia-pix-por-aproximacao-com-nova-funcao-no-open-finance/
2026-07-15,2026-07-15,1,Banco do Brasil,AcademIA_BB_36_mil_agentes_2026_06_09,"Em 09/06/2026, cobertura setorial reportou que o AcademIA BB 2026 reunia mais de 36 mil inscritos, enquanto o banco operava mais de 12 mil agentes do Copilot e cerca de 1,2 mil modelos de IA em producao.",Microsoft; Google_Cloud; IBM; Copilot,IBM,Capacitacao_institucional_e_escala_operacional_de_IA,Altissimo,Alto,Muito alta,https://www.letsmoney.com.br/noticias/banco-do-brasil-academia-bb-ia-agentica/
2026-07-15,2026-07-29,15,Banco do Brasil,Acordo_UnB_Pesquisa_Aplicada_IA_2026_07_03,"Em 03/07/2026, a UnB detalhou a cooperacao tecnico-cientifica com o Banco do Brasil para desenvolver pesquisas, projetos de inovacao e capacitacao em IA, dados, seguranca digital e experiencia do usuario ao longo de 24 meses.",UnB; PCTec; Seguranca_Digital; Analitica,,Parceria_de_pesquisa_aplicada_e_formacao_em_tecnologia,Altissimo,Medio,Muito alta,https://noticias.unb.br/117-pesquisa/8628-parceria-entre-unb-e-banco-do-brasil-tem-foco-em-pesquisas-em-ia
2026-07-15,2026-07-15,1,Banco do Brasil,Celent_Model_Bank_2026_06_11,"Em 11/06/2026, a Retail Banker International destacou o Banco do Brasil como vencedor do 2026 Celent Model Bank of the Year Award, reforcando maturidade publica em IA e analytics.",Celent; EscutAI; OdisseIA; Retail_Banker_International,,Reconhecimento_externo_de_maturidade_em_IA_e_analytics,Altissimo,Medio,Muito alta,https://www.retailbankerinternational.com/news/banco-do-brasil-wins-celent-model-bank-of-year/
2026-07-15,2026-07-15,1,Banco do Brasil,Plataforma_IA_conversacional_2026_07_09,"Em 09/07/2026, o BB lancou plataforma de IA integrada a servicos e canais para permitir operacoes por conversas em linguagem natural no aplicativo e em outros pontos de contato.",IA_Generativa; Canais_Digitais; Linguagem_Natural,,Orquestracao_conversacional_de_atendimento_e_servicos,Altissimo,Alto,Muito alta,https://www.bb.com.br/pbb/pagina-inicial/imprensa/n/69198/BB%20lan%C3%A7a%20plataforma%20de%20IA%20que%20transforma%20atendimento%20em%20conversas
2026-07-15,2026-07-18,4,CAIXA,Modernizacao_do_SINAPI_com_APIs_2026_05_19,"Em 19/05/2026, a CAIXA publicou edital para selecionar ate duas solucoes para modernizar o SINAPI com dados estruturados, consultas interativas, APIs documentadas e integracao com o TransfereGov.",SINAPI; TransfereGov; APIs; Dados_Estruturados,,Chamada_publica_para_modernizacao_de_base_critica_de_dados,Altissimo,Alto,Muito alta,https://caixanoticias.caixa.gov.br/Paginas/Not%C3%ADcias/2026/05-MAIO/CAIXA-lan%C3%A7a-edital-p%C3%BAblico-para-modernizar-o-SINAPI.aspx
2026-07-15,2026-07-29,15,CAIXA,Universidade_Corporativa_Luxortec_2026_07_02,"Em 02/07/2026, a InforChannel reportou que a Universidade Corporativa CAIXA foi modernizada para cerca de 150 mil usuarios, com IA, metaverso e gamificacao implementados pela Luxortec.",InforChannel; Luxortec; Universidade_CAIXA; IA,,Cobertura_setorial_sobre_modernizacao_da_educacao_corporativa,Altissimo,Medio,Muito alta,https://inforchannel.com.br/2026/07/02/universidade-corporativa-caixa-adota-sistema-de-educacao-digital-para-150-mil-usuarios/
2026-07-15,2026-07-15,1,Banco Central,Ciberresiliencia_supervisao_prudencial_2026_06,"Em junho de 2026, a JOTA destacou que a resiliencia operacional e a ciberseguranca passaram ao centro da agenda prudencial apos o BC Cyber Resilience Forum 2026 e o alerta sobre IA em ciberataques.",FMI; Ciberresiliencia; Provedores_Criticos; IA,,Reforco_publico_da_agenda_sistemica_de_ciberseguranca_e_supervisao,Altissimo,Altissimo,Alta,https://www.jota.info/opiniao-e-analise/colunas/fronteiras-regulacao-financeira/ciberresiliencia-a-nova-camada-da-supervisao-financeira
2026-07-15,2026-07-20,6,CAIXA,Sandbox_CAIXA_Global_Finance_2026_06_15,"Em 15/06/2026, a Global Finance listou o Sandbox CAIXA entre os melhores laboratorios de inovacao financeira de 2026, destacando foco em fraude, IA, eficiencia operacional, inclusao financeira e atendimento.",Global_Finance; Sandbox_CAIXA; IA; Fraude,,Reconhecimento_internacional_de_laboratorio_de_inovacao,Altissimo,Medio,Alta,https://gfmag.com/award/award-winners/best-financial-innovation-labs-2026/
2026-07-15,2026-07-15,1,Sicoob,Dez_milhoes_cooperados_2026_05_26,"Em 26/05/2026, o Portal do Cooperativismo Financeiro reportou que o Sicoob ultrapassou 10 milhoes de cooperados, com 18 bilhoes de transacoes no Super App em 2025 e ampla capilaridade fisica.",Cooperados; Super_App_Sicoob; Canais_Digitais; Capilaridade,,Cobertura_externa_sobre_escala_e_capilaridade_do_sistema,Altissimo,Medio,Alta,https://cooperativismodecredito.coop.br/2026/05/sicoob-alcanca-novo-patamar-de-cooperados-e-reafirma-a-forca-do-modelo-cooperativo-no-brasil/
2026-07-15,2026-07-15,1,Sicoob,Goleada_de_Ofertas_campanha_digital_2026_07_10,"Em 10/07/2026, o Sicoob lancou a campanha Goleada de Ofertas, com Zico, Endrick, creators, ofertas-relampago e ativacao do Coopera para transformar audiencia esportiva em engajamento e relacionamento.",Zico; Endrick; Coopera; Creators,,Ativacao_comercial_com_forte_componente_digital_e_de_marca,Altissimo,Baixo,Alta,https://www.sicoob.com.br/web/sicoob/noticias/-/asset_publisher/xAioIawpOI5S/content/id/321076677
2026-07-15,2026-07-15,1,Sicoob,HDI_embedded_insurance_2026_06_03,"Em 03/06/2026, o Sistema OCB/GO destacou a parceria entre Sicoob e Grupo HDI para embutir seguro na jornada de financiamento veicular, reduzindo friccao operacional e acelerando a protecao ao cooperado.",Grupo_HDI; Seguro_Auto_Financiado; Embedded_Insurance; Credito_Veicular,,Parceria_de_produto_combinando_credito_e_seguro_na_mesma_jornada,Alta,Medio,Alta,https://www.goiascooperativo.coop.br/sicoob-e-grupo-hdi-lancam-solucao-que-une-credito-e-seguro-em-uma-unica-operacao/
2026-07-14,2026-07-15,2,BRB,Aumento_de_capital_homologacao_parcial_2026_05_27,"Em 27/05/2026, o BRB divulgou homologacao parcial e subscricao de sobras no aumento de capital, movimento ainda dependente da agenda de reforco de capital e governanca.",BRB; Acionistas; Banco_Central; Capital,,Recomposicao_de_capital_com_sinal_de_continuidade_institucional,Altissimo,Altissimo,Muito alta,https://ri.brb.com.br/upload/files/4162_Fato-Relevante-Aumento-de-Capital-do-BRB-Homologac-a-o-Parcial-e-Subscric-a-o-de-Sobras-.pdf
2026-07-14,2026-07-15,2,BRB,CAE_perdas_8_8_bi_2026_06_09,"Em 09/06/2026, o presidente do BRB afirmou na CAE do Senado que as perdas do banco chegam a R$ 8,8 bilhoes e que o balanco ainda nao estava pronto.",Senado_Federal; CAE; Banco_Master; Perdas; Balanco,,Pressao_politica_e_institucional_sobre_governanca_e_capital,Altissimo,Altissimo,Muito alta,https://www12.senado.leg.br/tv/programas/noticias-1/2026/06/presidente-do-brb-afirma-na-cae-que-divida-do-banco-chega-a-r-8-8-bilhoes
2026-07-14,2026-07-15,2,BRB,Lista_inadimplentes_CVM_2026_07_03,"Em 03/07/2026, a Capital Aberto reportou que o BRB apareceu na lista da SEP/CVM de companhias inadimplentes por atraso superior a tres meses na entrega de documentos obrigatorios.",CVM; SEP; Capital_Aberto; Documentos_Periodicos,,Pressao_de_transparencia_e_confianca_de_mercado,Altissimo,Altissimo,Muito alta,https://capitalaberto.com.br/companhias-abertas/cvm-lista-atraso-documentos/
2026-07-14,2026-07-14,1,Banco Central,Contas_em_moeda_estrangeira_regulacao_cambial_2026_07_01,"Em 01/07/2026, o Banco Central anunciou ampliacao do uso de contas em moeda estrangeira no pais para reduzir custos, simplificar operacoes e dar mais eficiencia aos negocios internacionais.",Ecossistema_regulatorio; Cambio,,Modernizacao_regulatoria_com_impacto_em_sistemas_e_processos,Altissimo,Altissimo,Muito alta,https://www.bcb.gov.br/detalhenoticia/21191/noticia
2026-07-14,2026-07-14,1,Banco Central,Jornada_otimizada_Pix_Open_Finance_2026_06_23,"Em 23/06/2026, a Agencia Brasil informou que a jornada otimizada do Pix por aproximacao passou a permitir compartilhamento de saldo e limite na mesma etapa de vinculacao da conta ao pagamento.",Agencia_Brasil; Open_Finance; Pix,,Integracao_operacional_de_pagamentos_digitais_e_dados_financeiros,Altissimo,Alto,Muito alta,https://agenciabrasil.ebc.com.br/economia/noticia/2026-06/pix-por-aproximacao-passa-mostrar-saldo-antes-do-pagamento
2026-07-14,2026-07-29,16,Banco Central,Prudencial_para_prestadoras_de_ativos_virtuais_2026_07_01,"Em 01/07/2026, o Banco Central incorporou as sociedades prestadoras de servicos de ativos virtuais ao arcabouco prudencial vigente, ampliando a densidade regulatoria do setor.",Prestadoras_de_servicos_de_ativos_virtuais; Criptoativos; Ativos_Virtuais; PSAV; Prudencial; Compliance,,Expansao_do_arco_prudencial_sobre_infraestrutura_financeira_digital,Altissimo,Altissimo,Muito alta,https://www.bcb.gov.br/detalhenoticia/21192/nota
2026-07-14,2026-07-14,1,Banco do Brasil,Acordo_UnB_PDI_IA_2026_07_08,"Em 08/07/2026, o BB firmou acordo com a UnB para projetos de capacitacao, pesquisa, desenvolvimento e inovacao em IA, analitica, experiencia do usuario, seguranca digital, computacao e geociencias.",UnB; Pesquisa_Aplicada; PDI,,Parceria_de_pesquisa_aplicada_e_formacao_em_tecnologia,Altissimo,Medio,Muito alta,https://www.bb.com.br/pbb/pagina-inicial/imprensa/n/69197/
2026-07-14,2026-07-14,1,Banco do Brasil,Celent_Model_Bank_2026_11_06,"Em 11/06/2026, a Celent destacou o Banco do Brasil como Model Bank of the Year 2026, citando EscutAI e OdisseIA como provas de IA e analytics em escala.",Celent; EscutAI; OdisseIA,,Reconhecimento_externo_de_maturidade_em_IA_e_analytics,Altissimo,Medio,Muito alta,https://www.celent.com/insights/banco-do-brasil-excellence-in-harnessing-ai-for-differentiated-customer-centricity
2026-07-14,2026-07-16,3,CAIXA,Protocolo_MDA_CONTAG_agricultura_familiar_2026_07_01,"Em 01/07/2026, a CAIXA assinou com MDA e Contag protocolo para ampliar credito rural e microcredito a agricultores familiares, com foco em efetividade de politicas publicas vinculadas ao Pronaf.",MDA; Contag; Pronaf; Microcredito,,Expansao_de_credito_publico_com_apoio_institucional_e_capilaridade_social,Altissimo,Medio,Muito alta,https://caixanoticias.caixa.gov.br/Paginas/Not%C3%ADcias/2026/07-JULHO/CAIXA-assina-acordo-com-MDA-e-Contag-para-fortalecer-a-agricultura-familiar-.aspx
2026-07-14,2026-07-15,2,Sicoob,Plano_Safra_26_27_credito_rural_2026_07_09,"Em 09/07/2026, o Sicoob projetou liberacao de R$ 70 bilhoes em credito rural para o Plano Safra 26/27, com R$ 11,5 bilhoes via Pronaf e R$ 15,8 bilhoes via Pronamp.",Plano_Safra; Pronaf; Pronamp; Credito_Rural,,Escala_comercial_e_financiamento_setorial_com_pressao_sobre_canais_e_operacao,Altissimo,Medio,Muito alta,https://www.sicoob.com.br/web/sicoob/noticias/-/asset_publisher/xAioIawpOI5S/content/id/322684129
2026-07-14,2026-07-14,1,Sicoob,Super_App_Banking_Transformation_2026_07_14,"Em 14/07/2026, o Sicoob publicou que seu Super App foi reconhecido como melhor aplicativo do mercado financeiro na categoria Banking Anywhere do Premio Banking Transformation, com cerca de 7,5 milhoes de acessos diarios e mais de 18 bilhoes de transacoes em 2025.",Cantarino_Brasileiro; Super_App_Sicoob; Apple; Google,,Reconhecimento_de_escala_e_qualidade_do_canal_digital_principal,Altissimo,Medio,Muito alta,https://www.sicoob.com.br/web/sicoob/noticias/-/asset_publisher/xAioIawpOI5S/content/id/318241150
2026-07-14,2026-07-15,2,BRB,Posse_DIPES_2026_07_02,"Em 02/07/2026, o BRB registrou fato relevante de Posse DIPES, mantendo a reorganizacao executiva em area sensivel de governanca e pessoas.",BRB; DIPES; Governanca,,Reorganizacao_executiva_em_area_critica_de_governanca,Alto,Altissimo,Alta,https://ri.brb.com.br/pt/documentos-cvm
2026-07-14,2026-07-14,1,Banco Central,BC_Cyber_Resilience_Forum_2026_05,"Em maio de 2026, o Banco Central promoveu o BC Cyber Resilience Forum 2026 Provedores Criticos, reforcando a agenda de resiliencia cibernetica para infraestruturas relevantes do sistema financeiro.",Provedores_Criticos; Resiliencia_Cibernetica; RSFN,,Coordenacao_sistemica_de_ciberseguranca_e_continuidade,Altissimo,Altissimo,Alta,https://www.bcb.gov.br/detalhenoticia/21106/noticia
2026-07-14,2026-07-14,1,Sicoob,Dez_milhoes_de_cooperados_2026_06_11,"Em 11/06/2026, a MundoCoop reportou que o Sicoob alcancou 10 milhoes de cooperados, reforcando a escala nacional do sistema e a pressao positiva sobre canais digitais e atendimento.",MundoCoop; Cooperados; Escala_Nacional,,Cobertura_externa_sobre_escala_e_capilaridade_do_sistema,Altissimo,Medio,Alta,https://mundocoop.com.br/economia-negocios/sicoob-ultrapassa-10-milhoes-de-cooperados-e-reforca-forca-do-modelo-cooperativo-no-brasil/
2026-07-14,2026-07-14,1,Sicoob,Patrocinio_futebol_feminino_2026_07_10,"Em 10/07/2026, o Sicoob anunciou expansao de patrocinios nas principais competicoes do futebol feminino brasileiro, tratando esporte como plataforma de conexao, negocios e fortalecimento de marca.",Futebol_Feminino; Patrocinio; Marca,,Expansao_de_marca_com_efeito_comercial_e_de_relacionamento,Alto,Baixo,Alta,https://www.sicoob.com.br/web/sicoob/noticias
2026-07-13,2026-07-13,1,Sicoob,Plano_Safra_26_27_credito_rural_2026_07_09,"Em 09/07/2026, o Sicoob projetou liberacao de R$ 70 bilhoes em credito rural para o Plano Safra 26/27, com expansao de 7% sobre o ciclo anterior e foco em pequenos e medios produtores.",Plano_Safra; Credito_Rural; Agronegocio,,Escala_comercial_e_financiamento_setorial_com_pressao_sobre_canais_e_operacao,Altissimo,Medio,Muito alta,https://www.sicoob.com.br/web/sicoob/noticias/-/asset_publisher/xAioIawpOI5S/content/id/322684129
2026-07-11,2026-07-13,3,BRB,Acordo_FGC_para_aporte_de_capital_2026,"Em 28/05/2026, o BRB detalhou acordo homologado pelo STF para viabilizar operacao de credito junto ao FGC destinada a aporte de capital pelo acionista controlador.",FGC; STF; Banco_Central,,Arranjo_formal_para_recomposicao_de_capital_e_continuidade,Altissimo,Altissimo,Muito alta,https://ri.brb.com.br/upload/files/4164_Fato-Relevante-acordo-FGC-v2-1.pdf
2026-07-11,2026-07-13,3,BRB,Nota_PCDF_controles_internos_2026_06_23,"Em 23/06/2026, o BRB informou ao mercado que a operacao da PCDF teve origem em noticia-crime apresentada pelo proprio banco apos identificacao de irregularidades por controles internos.",PCDF; CVM,,Acionamento_institucional_de_controles_e_compliance,Altissimo,Altissimo,Muito alta,https://www.rad.cvm.gov.br/ENETCONSULTA/frmDownloadDocumento.aspx?CodigoInstituicao=1&Tela=99&descTipo=IPE&numProtocolo=1537725&numSequencia=1062431&numVersao=1
2026-07-11,2026-07-13,3,Banco do Brasil,Acordo_UnB_IA_Analitica_2026_07_08,"Em 08/07/2026, a Convergencia Digital reportou acordo entre Banco do Brasil e UnB para pesquisas aplicadas em IA e analitica, com foco tambem em seguranca digital, cidades inteligentes e computacao.",UnB; Convergencia_Digital,,Parceria_de_pesquisa_aplicada_em_IA_e_segurança_digital,Altissimo,Medio,Muito alta,https://convergenciadigital.com.br/inovacao/banco-do-brasil-e-unb-se-unem-por-inteligencia-artificial-e-analitica/
2026-07-11,2026-07-13,3,Banco do Brasil,Celent_Model_Bank_2026_11_06,"Em 11/06/2026, a Celent destacou o Banco do Brasil como Model Bank of the Year 2026, citando EscutAI e OdisseIA como provas de IA e analytics alinhadas a estrategia centrada no cliente.",Celent; EscutAI; OdisseIA,,Reconhecimento_externo_de_maturidade_em_IA_e_analytics,Altissimo,Medio,Muito alta,https://www.celent.com/insights/banco-do-brasil-excellence-in-harnessing-ai-for-differentiated-customer-centricity
2026-07-11,2026-07-14,4,CAIXA,Modernizacao_do_SINAPI_com_APIs_2026,"Em 19/05/2026, a CAIXA publicou edital para selecionar ate duas solucoes para modernizar o SINAPI com dados estruturados, consultas interativas, APIs documentadas e integracao com o TransfereGov.",SINAPI; TransfereGov; APIs,,Chamada_publica_para_modernizacao_de_base_critica_de_dados,Altissimo,Alto,Muito alta,https://caixanoticias.caixa.gov.br/Paginas/Not%C3%ADcias/2026/05-MAIO/CAIXA-lan%C3%A7a-edital-p%C3%BAblico-para-modernizar-o-SINAPI.aspx
2026-07-11,2026-07-13,3,Sicoob,Dez_milhoes_de_cooperados_2026,"Em 26/05/2026, a MundoCoop reportou que o Sicoob ultrapassou 10 milhoes de cooperados, com expansao de 44% sobre dezembro de 2025 e reforco de escala nacional.",MundoCoop; Cooperados,,Escala_nacional_e_pressao_positiva_sobre_canais_digitais,Altissimo,Medio,Muito alta,https://mundocoop.com.br/economia-negocios/sicoob-ultrapassa-10-milhoes-de-cooperados-e-reforca-forca-do-modelo-cooperativo-no-brasil/
2026-07-11,2026-07-13,3,Sicoob,Resultado_recorde_2025_publicado_2026_07_11,"Em 11/07/2026, o Sicoob publicou resultado financeiro recorde de R$ 11,2 bilhoes em 2025, com crescimento de 33,3% sobre o ano anterior e base de cooperados se aproximando de 10 milhoes.",Ecossistema_proprio; Cooperados,,Resultado_recorde_com_reforco_de_capacidade_de_reinvestimento,Altissimo,Medio,Muito alta,https://www.sicoob.com.br/web/sicoob/noticias/-/asset_publisher/xAioIawpOI5S/content/id/321076437
2026-07-11,2026-07-13,3,BRB,Posse_DIPES_2026_07_02,"Em 02/07/2026, o BRB registrou fato relevante de Posse DIPES, mantendo a trilha de reorganizacao executiva em meio a pressao por governanca e recomposicao institucional.",BRB; DIPES,,Reorganizacao_executiva_em_area_critica_de_governanca,Alto,Altissimo,Alta,https://www.rad.cvm.gov.br/ENET/frmExibirArquivoIPEExterno.aspx?NumeroProtocoloEntrega=1541473
2026-07-11,2026-07-12,2,Sicoob,Top_7_Inovadoras_TI_2026_contexto_sustentado,"Contexto sustentado: em 06/04/2026, a MundoCoop informou que o Sicoob alcancou o Top 7 do ranking As 100+ Inovadoras no Uso de TI, com destaque para o Modo Guardiao no Super App.",MundoCoop; IT_Forum; Super_App_Sicoob,,Contexto_sustentado_de_maturidade_digital_e_produto,Alto,Medio,Alta,https://mundocoop.com.br/economia-negocios/sicoob-alcanca-top-7-do-ranking-as-100-inovadoras-no-uso-de-ti-em-2026/
2026-07-10,2026-07-10,1,BRB,Acordo_FGC_para_aporte_de_capital_2026,"Como desdobramento recente de maio, o BRB detalhou em 28/05/2026 acordo homologado pelo STF para viabilizar operacao de credito junto ao FGC destinada a aporte de capital.",FGC; STF; Banco_Central,,Arranjo_formal_para_recomposicao_de_capital_e_continuidade,Altissimo,Altissimo,Muito alta,https://ri.brb.com.br/upload/files/4164_Fato-Relevante-acordo-FGC-v2-1.pdf
2026-07-10,2026-07-10,1,BRB,Critica_Senado_a_socorro_e_prejuizos_2026_06_10,"Em 10/06/2026, o Senado registrou critica publica ao acordo de socorro do BRB e cobranca de apuracao de prejuizos ligados ao caso Banco Master.",Senado_Federal; Banco_Master,,Pressao_politica_e_institucional_sobre_governanca_e_capital,Altissimo,Altissimo,Muito alta,https://www12.senado.leg.br/noticias/materias/2026/06/10/izalci-critica-acordo-para-salvar-brb-e-cobra-apuracao-de-prejuizos
2026-07-10,2026-07-10,1,BRB,Nota_imprensa_compliance_PCDF_23_06_2026,"Em 23/06/2026, o BRB informou que a operacao da PCDF teve origem em noticia-crime apresentada pelo proprio banco apos identificar irregularidades em seus controles internos.",PCDF,,Acionamento_institucional_de_controles_e_compliance,Altissimo,Altissimo,Muito alta,https://ri.brb.com.br/upload/files/4176_Comunicado-ao-Mercado-Operac-a-o-Parasitas.pdf
2026-07-10,2026-07-10,1,Banco Central,Contas_em_moeda_estrangeira_regulacao_cambial_2026_07_01,"Em 01/07/2026, o Banco Central anunciou ampliacao das possibilidades de abertura e movimentacao de contas em moeda estrangeira no pais.",Ecossistema_regulatorio,,Modernizacao_regulatoria_com_impacto_em_sistemas_e_processos,Altissimo,Altissimo,Muito alta,https://www.bcb.gov.br/detalhenoticia/21191/noticia
2026-07-10,2026-07-10,1,Banco Central,Fim_do_teto_fixo_no_Pix_por_aproximacao_2026_06_19,"Em 19/06/2026, o Banco Central retirou o teto fixo de R$ 500 do Pix por aproximacao e deu prazo ate 01/10/2026 para adaptacao das instituicoes.",Pix; Open_Finance,,Flexibilizacao_regulatoria_com_impacto_direto_em_pagamentos_digitais,Altissimo,Alto,Muito alta,https://www.bcb.gov.br/detalhenoticia/21169/noticia
2026-07-10,2026-07-10,1,Banco Central,Pix_por_aproximacao_mostra_saldo_e_limite_2026_06_23,"Em 23/06/2026, a Agencia Brasil informou que o Pix por aproximacao passou a mostrar saldo e limite antes do pagamento, mediante autorizacao do cliente.",Agencia_Brasil; Open_Finance,,Integracao_operacional_de_pagamentos_digitais_e_dados_financeiros,Altissimo,Alto,Muito alta,https://agenciabrasil.ebc.com.br/economia/noticia/2026-06/pix-por-aproximacao-passa-mostrar-saldo-antes-do-pagamento
2026-07-10,2026-07-10,1,Banco Central,Prudencial_para_prestadoras_de_ativos_virtuais_2026_07_01,"Em 01/07/2026, o Banco Central incorporou as sociedades prestadoras de servicos de ativos virtuais ao arcabouco prudencial vigente.",Prestadoras_de_servicos_de_ativos_virtuais,,Expansao_do_arco_prudencial_sobre_infraestrutura_financeira_digital,Altissimo,Altissimo,Muito alta,https://www.bcb.gov.br/detalhenoticia/21192/nota
2026-07-10,2026-07-10,1,Banco do Brasil,AcademIA_BB_2026_36_mil_funcionarios,"Em 08/06/2026, o BB informou que o AcademIA BB 2026 ja engajava mais de 36 mil funcionarios, com foco em IA generativa e agentica.",UniBB; AcademIA_BB,,Capacitacao_institucional_em_IA_generativa_e_agentica,Altissimo,Alto,Muito alta,https://www.bb.com.br/pbb/pagina-inicial/imprensa/n/69153/
2026-07-10,2026-07-10,1,Banco do Brasil,Parceria_UnB_pesquisa_aplicada_IA_2026_07_08,"Em 08/07/2026, o Correio Braziliense informou que Banco do Brasil e UnB firmaram acordo de cooperacao tecnico-cientifica para pesquisas aplicadas em inteligencia artificial, analitica e tecnologias emergentes.",UnB; PCTec,,Parceria_academica_para_P&D_em_IA_e_analitica,Altissimo,Medio,Muito alta,https://www.correiobraziliense.com.br/cidades-df/2026/07/7456724-unb-e-banco-do-brasil-firmam-parceria-para-desenvolver-ia.html
2026-07-10,2026-07-10,1,Banco do Brasil,Plataforma_IA_conversacional_BB_2026_07_09,"Em 09/07/2026, o BB anunciou plataforma de IA que integra servicos e canais e permite realizar operacoes por conversas em linguagem natural, inclusive no app e em outros pontos de contato.",IA_Generativa; Canais_Digitais; WhatsApp,,Orquestracao_conversacional_de_atendimento_e_servicos,Altissimo,Alto,Muito alta,https://www.bb.com.br/pbb/pagina-inicial/imprensa/n/69198/BB%20lan%C3%A7a%20plataforma%20de%20IA%20que%20transforma%20atendimento%20em%20conversas
2026-07-10,2026-07-10,1,CAIXA,IA_monitoramento_transacoes_8_bilhoes_2026_07_05,"Em 05/07/2026, a ConvergenciaDigital registrou que a CAIXA usa IA generativa para monitorar transacoes em tempo real em um ambiente de cerca de 8 bilhoes de transacoes mensais.",IA_Generativa; Big_Techs; Caixa_Tem,,Modernizacao_operacional_com_foco_em_monitoramento_e_prevencao,Altissimo,Alto,Muito alta,https://convergenciadigital.com.br/governo/ia-vira-prioridade-na-caixa-com-8-bilhoes-de-transacoes-mensais/
2026-07-10,2026-07-10,1,CAIXA,Prejuizo_cibernetico_Caixa_Tem_e_investimento_2026,"Em 15/05/2026, o Times Brasil | CNBC reportou prejuizo de cerca de R$ 20 milhoes no Caixa Tem em 2025 por fraudes e ataques ciberneticos, com previsao de R$ 5,9 bilhoes em tecnologia em 2026.",Times_Brasil_CNBC; Caixa_Tem; Microsoft,,Risco_cibernetico_com_resposta_de_investimento_em_tecnologia,Altissimo,Alto,Muito alta,https://timesbrasil.com.br/empresas-e-negocios/bancos-fintechs/caixa-ataques-ciberneticos-prejuizo-20-milhoes-investimento-tecnologia-2026/
2026-07-10,2026-07-10,1,CAIXA,Sandbox_CAIXA_Best_Financial_Innovation_Labs_2026,"Em 15/06/2026, a Global Finance listou o Sandbox CAIXA entre os melhores laboratorios de inovacao financeira de 2026, destacando mais de 400 propostas avaliadas e 61 experimentos.",Global_Finance; Sandbox_CAIXA,,Reconhecimento_internacional_de_laboratorio_de_inovacao,Altissimo,Medio,Muito alta,https://gfmag.com/award/award-winners/best-financial-innovation-labs-2026/
2026-07-10,2026-07-14,2,CAIXA,Universidade_Corporativa_IA_150_mil_usuarios_2026_07_02,"Em 02/07/2026, a InforChannel reportou que a Universidade Corporativa CAIXA modernizou sua plataforma para cerca de 150 mil usuarios, com IA, metaverso e gamificacao implementados pela Luxortec.",InforChannel; Luxortec; Universidade_CAIXA,,Cobertura_setorial_sobre_modernizacao_da_educacao_corporativa,Altissimo,Medio,Muito alta,https://inforchannel.com.br/2026/07/02/universidade-corporativa-caixa-adota-sistema-de-educacao-digital-para-150-mil-usuarios/
2026-07-10,2026-07-10,1,Sicoob,Dez_milhoes_de_cooperados_2026_06_11,"Em 11/06/2026, a MundoCoop publicou que o Sicoob ultrapassou 10 milhoes de cooperados, com expansao de 44% em tres anos.",MundoCoop; Cooperados,,Escala_nacional_e_pressao_positiva_sobre_canais_digitais,Altissimo,Medio,Muito alta,https://mundocoop.com.br/economia-negocios/sicoob-ultrapassa-10-milhoes-de-cooperados-e-reforca-forca-do-modelo-cooperativo-no-brasil/
2026-07-10,2026-07-10,1,Sicoob,Resultado_recorde_2025_em_evidencia_2026_07_10,"Na trilha oficial de noticias em 10/07/2026, o Sicoob manteve em evidencia o resultado recorde de R$ 11,2 bilhoes em 2025, com crescimento de 33,3% sobre o ano anterior.",Ecossistema_proprio; Noticias_Sicoob,,Resultado_recorde_com_reforco_de_capacidade_de_reinvestimento,Altissimo,Medio,Muito alta,https://www.sicoob.com.br/web/sicoob/noticias
2026-07-10,2026-07-10,1,BRB,Esclarecimentos_PicPay_CVM_B3_2026_06_19,"Em 19/06/2026, o BRB respondeu a oficios da CVM e da B3, negando relacao contratual com o PicPay no contexto investigado e reafirmando compromisso com integridade e conformidade.",CVM; B3; PicPay,,Resposta_formal_a_escrutinio_de_mercado_e_supervisao,Alto,Altissimo,Alta,https://ri.brb.com.br/upload/files/4174_014206000101011-1-.pdf
2026-07-10,2026-07-10,1,Banco do Brasil,Validacao_setorial_plataforma_conversacional_2026_07_10,"Em 10/07/2026, a ConvergenciaDigital reportou que a nova plataforma conversacional do Banco do Brasil expande a experiencia digital com uso no aplicativo e no WhatsApp.",ConvergenciaDigital; WhatsApp,,Leitura_externa_sobre_distribuicao_e_execucao_da_plataforma_de_IA,Altissimo,Medio,Alta,https://convergenciadigital.com.br/mercado/banco-do-brasil-testa-plataforma-conversacional-baseada-em-inteligencia-artificial/
2026-07-10,2026-07-10,1,CAIXA,Sandbox_CAIXA_Microsoft_Copilot_antifraude_2026,"Em 15/06/2026, a Global Finance detalhou que o Sandbox CAIXA usa Microsoft Copilot para amadurecer ideias de empregados e testar alertas contra golpes em caixas eletronicos.",Global_Finance; Microsoft; Copilot,,Cobertura_externa_sobre_experimentacao_com_IA_e_prevencao_a_fraude,Altissimo,Medio,Alta,https://gfmag.com/technology/labs-rethink-banking-best-financial-innovation-labs-2026/
2026-07-10,2026-07-10,1,Sicoob,Seguro_Auto_Financiado_HDI_2026_06_11,"Em 11/06/2026, a MundoCoop informou que o Seguro Auto Financiado, em parceria com o Grupo HDI, integra financiamento e protecao na mesma operacao.",MundoCoop; Grupo_HDI; Seguro_Auto_Financiado,,Parceria_comercial_e_inovacao_na_jornada_de_credito,Alto,Medio,Alta,https://mundocoop.com.br/economia-negocios/sicoob-e-grupo-hdi-anunciam-parceria-e-lancam-solucao-que-une-credito-e-seguro-em-uma-unica-operacao/
2026-07-10,2026-07-10,1,Sicoob,Top_7_Inovadoras_TI_2026_contexto_sustentado,"Contexto sustentado: em 24/03/2026, a MundoCoop registrou que o Sicoob entrou no Top 7 do ranking As 100+ Inovadoras no Uso de TI, com destaque para o Modo Guardiao no Super App.",MundoCoop; IT_Forum; Super_App_Sicoob,,Contexto_sustentado_de_maturidade_digital_e_produto,Alto,Medio,Alta,https://mundocoop.com.br/economia-negocios/sicoob-alcanca-top-7-do-ranking-as-100-inovadoras-no-uso-de-ti-em-2026/
2026-07-09,2026-07-09,1,BRB,Acordo_FGC_para_aporte_de_capital_2026,"Como desdobramento recente de maio, o BRB detalhou em 28/05/2026 acordo homologado pelo STF para viabilizar operacao de credito junto ao FGC destinada a aporte de capital pelo acionista controlador.",FGC; STF; Banco_Central,,Arranjo_formal_para_recomposicao_de_capital_e_continuidade,Altissimo,Altissimo,Muito alta,https://ri.brb.com.br/upload/files/4164_Fato-Relevante-acordo-FGC-v2-1.pdf
2026-07-09,2026-07-13,4,BRB,CAE_perdas_8_8_bi_2026,"Em 09/06/2026, o presidente do BRB afirmou na CAE do Senado que as perdas do banco chegam a R$ 8,8 bilhoes e que o balanco ainda nao estava pronto, ampliando a pressao publica por transparencia.",Senado_Federal; Banco_Master,,Pressao_politica_e_institucional_sobre_governanca_e_capital,Altissimo,Altissimo,Muito alta,https://www12.senado.leg.br/tv/programas/noticias-1/2026/06/presidente-do-brb-afirma-na-cae-que-divida-do-banco-chega-a-r-8-8-bilhoes
2026-07-09,2026-07-09,1,BRB,Nota_imprensa_compliance_PCDF_23_06_2026,"Em 23/06/2026, o BRB informou que a operacao deflagrada pela PCDF teve inicio a partir de noticia-crime encaminhada pelo proprio banco apos identificar irregularidades e indicios de descumprimento de normas de compliance.",PCDF,,Acionamento_institucional_de_controles_e_compliance,Altissimo,Altissimo,Muito alta,https://novo.brb.com.br/releases-imprensa/
2026-07-09,2026-07-13,4,Banco Central,Contas_em_moeda_estrangeira_regulacao_cambial_2026,"Em 01/07/2026, o Banco Central anunciou ampliacao do uso de contas em moeda estrangeira no pais para reduzir custos, simplificar operacoes e dar mais eficiencia aos negocios internacionais.",Ecossistema_regulatorio,,Modernizacao_regulatoria_com_impacto_em_sistemas_e_processos,Altissimo,Altissimo,Muito alta,https://www.bcb.gov.br/detalhenoticia/21191/noticia
2026-07-09,2026-07-13,4,Banco Central,Jornada_otimizada_Pix_Open_Finance_2026,"Em 23/06/2026, a Agencia Brasil informou que a jornada otimizada do Pix por aproximacao passou a permitir compartilhamento de saldo e limite na mesma etapa de vinculacao da conta ao pagamento.",Agencia_Brasil; Open_Finance,,Integracao_operacional_de_pagamentos_digitais_e_dados_financeiros,Altissimo,Alto,Muito alta,https://agenciabrasil.ebc.com.br/economia/noticia/2026-06/pix-por-aproximacao-passa-mostrar-saldo-antes-do-pagamento
2026-07-09,2026-07-13,4,Banco Central,Prudencial_para_prestadoras_de_ativos_virtuais_2026,"Em 01/07/2026, o Banco Central incorporou as sociedades prestadoras de servicos de ativos virtuais ao arcabouco prudencial vigente, ampliando a densidade regulatoria do setor.",Prestadoras_de_servicos_de_ativos_virtuais,,Expansao_do_arco_prudencial_sobre_infraestrutura_financeira_digital,Altissimo,Altissimo,Muito alta,https://www.bcb.gov.br/detalhenoticia/21192/nota
2026-07-09,2026-07-14,5,Banco do Brasil,AcademIA_BB_2026_36_mil_funcionarios,"Em 08/06/2026, o BB informou que o AcademIA BB 2026 ja engajava mais de 36 mil funcionarios e acumulava mais de 3 milhoes de horas de treinamento em IA generativa e agentica.",UniBB; AcademIA_BB,,Capacitacao_institucional_em_IA_generativa_e_agentica,Altissimo,Alto,Muito alta,https://www.bb.com.br/pbb/pagina-inicial/imprensa/n/69153/
2026-07-09,2026-07-09,1,Banco do Brasil,Celent_Model_Bank_2026_11_06,"Em 11/06/2026, a Celent apontou o Banco do Brasil como Model Bank of the Year 2026, destacando EscutAI e OdisseIA como provas de IA e analytics em escala.",Celent; EscutAI; OdisseIA,,Reconhecimento_externo_de_maturidade_em_IA_e_analytics,Altissimo,Medio,Muito alta,https://www.celent.com/en/insights/announcing-the-celent-model-bank-2026-award-winners
2026-07-09,2026-07-14,5,Banco do Brasil,Plataforma_IA_conversacional_2026_07_09,"Em 09/07/2026, o BB lancou plataforma de IA que integra servicos e canais e permite realizar operacoes por conversas em linguagem natural no aplicativo e em outros pontos de contato.",IA_Generativa; Canais_Digitais; WhatsApp,,Orquestracao_conversacional_de_atendimento_e_servicos,Altissimo,Alto,Muito alta,https://www.bb.com.br/pbb/pagina-inicial/imprensa/n/69198/BB%20lan%C3%A7a%20plataforma%20de%20IA%20que%20transforma%20atendimento%20em%20conversas
2026-07-09,2026-07-09,1,CAIXA,Modernizacao_do_SINAPI_com_APIs_2026,"Como desdobramento recente de maio, a CAIXA publicou em 19/05/2026 edital para selecionar ate duas solucoes para modernizar o SINAPI com dados estruturados, consultas interativas, APIs documentadas e integracao com o TransfereGov.",SINAPI; TransfereGov,,Chamada_publica_para_modernizacao_de_base_critica_de_dados,Altissimo,Alto,Muito alta,https://caixanoticias.caixa.gov.br/Paginas/Not%C3%ADcias/2026/05-MAIO/CAIXA-lan%C3%A7a-edital-p%C3%BAblico-para-modernizar-o-SINAPI.aspx
2026-07-09,2026-07-14,5,CAIXA,Sandbox_CAIXA_Best_Financial_Innovation_Labs_2026,"Em 15/06/2026, a Global Finance listou o Sandbox CAIXA entre os melhores laboratorios de inovacao financeira de 2026, destacando o laboratorio como braco institucional de experimentacao do banco.",Global_Finance; Sandbox_CAIXA,,Reconhecimento_internacional_de_laboratorio_de_inovacao,Altissimo,Medio,Muito alta,https://gfmag.com/award/award-winners/best-financial-innovation-labs-2026/
2026-07-09,2026-07-13,4,CAIXA,Universidade_Corporativa_IA_150_mil_usuarios_2026,"Em 02/07/2026, a InforChannel reportou que a Universidade Corporativa CAIXA modernizou sua plataforma para cerca de 150 mil usuarios, com IA, metaverso e gamificacao implementados pela Luxortec.",InforChannel; Luxortec; Universidade_CAIXA,,Cobertura_setorial_sobre_modernizacao_da_educacao_corporativa,Altissimo,Medio,Muito alta,https://inforchannel.com.br/2026/07/02/universidade-corporativa-caixa-adota-sistema-de-educacao-digital-para-150-mil-usuarios/
2026-07-09,2026-07-09,1,Sicoob,Dez_milhoes_de_cooperados_2026,"Como desdobramento recente de maio, a MundoCoop reportou que o Sicoob ultrapassou 10 milhoes de cooperados, com expansao de 44% sobre dezembro de 2025 e reforco de escala nacional.",MundoCoop; Cooperados,,Escala_nacional_e_pressao_positiva_sobre_canais_digitais,Altissimo,Medio,Muito alta,https://mundocoop.com.br/economia-negocios/sicoob-ultrapassa-10-milhoes-de-cooperados-e-reforca-forca-do-modelo-cooperativo-no-brasil/
2026-07-09,2026-07-09,1,Sicoob,Resultado_recorde_2025_publicado_2026_07_09,"Em 09/07/2026, o Sicoob publicou resultado financeiro recorde de R$ 11,2 bilhoes em 2025, com crescimento de 33,3% sobre o ano anterior.",Ecossistema_proprio,,Resultado_recorde_com_reforco_de_capacidade_de_reinvestimento,Altissimo,Medio,Muito alta,https://www.sicoob.com.br/web/sicoob/noticias/-/asset_publisher/xAioIawpOI5S/content/id/321076437
2026-07-09,2026-07-09,1,BRB,Esclarecimentos_PicPay_CVM_B3_2026,"Em 19/06/2026, o BRB respondeu a oficios da CVM e da B3 esclarecendo que nao mantem relacao contratual com o PicPay no contexto investigado e reafirmou compromisso com integridade, conformidade e cooperacao institucional.",CVM; B3; PicPay,,Resposta_formal_a_escrutinio_de_mercado_e_supervisao,Alto,Altissimo,Alta,https://ri.brb.com.br/upload/files/4174_014206000101011-1-.pdf
2026-07-09,2026-07-13,4,Banco Central,Manual_de_Seguranca_Open_Finance_v5_2026,"Em 02/04/2026, a Instrucao Normativa BCB n 720 divulgou a versao 5.0 do Manual de Seguranca do Open Finance, reforcando controles obrigatorios para o ecossistema de APIs financeiras.",Open_Finance_Brasil,,Atualizacao_normativa_de_seguranca_para_o_ecossistema_aberto,Altissimo,Altissimo,Alta,https://openfinancebrasil.org.br/atos-normativos/
2026-07-09,2026-07-09,1,Banco do Brasil,IA_mais_humano_Web_Summit_Rio_2026,"Em 12/06/2026, a TI Inside registrou fala da presidente Tarciana Medeiros no Web Summit Rio de que a IA aumenta a produtividade e tende a liberar mais tempo para relacionamento humano no banco.",TI_Inside; Web_Summit_Rio,,Leitura_externa_sobre_execucao_pratica_de_IA_no_negocio,Alto,Medio,Alta,https://tiinside.com.br/12/06/2026/quanto-mais-ia-avanca-mais-humano-tende-a-ser-o-banco-diz-ceo-do-banco-do-brasil/
2026-07-09,2026-07-13,4,CAIXA,Sandbox_CAIXA_Microsoft_Copilot_antifraude_2026,"Em 15/06/2026, a Global Finance detalhou que o Sandbox CAIXA usa Microsoft Copilot para amadurecer ideias de empregados e testar iniciativas de antifraude em caixas eletronicos.",Global_Finance; Microsoft; Copilot,,Cobertura_externa_sobre_experimentacao_com_IA_e_prevencao_a_fraude,Altissimo,Medio,Alta,https://gfmag.com/technology/labs-rethink-banking-best-financial-innovation-labs-2026/
2026-07-09,2026-07-13,4,Sicoob,Seguro_Auto_Financiado_HDI_2026,"Em 11/06/2026, o Sicoob e o Grupo HDI anunciaram o Seguro Auto Financiado, unindo credito veicular e protecao na mesma jornada como caso publico de embedded insurance.",Grupo_HDI; Seguro_Auto_Financiado,,Parceria_comercial_e_inovacao_na_jornada_de_credito,Alto,Medio,Alta,https://www.sicoob.com.br/web/sicoob/noticias/-/asset_publisher/xAioIawpOI5S/content/id/321076653
2026-07-09,2026-07-09,1,Sicoob,Top_7_Inovadoras_TI_2026_contexto_sustentado,"Contexto sustentado: em 24/03/2026, a MundoCoop informou que o Sicoob entrou no Top 7 do ranking As 100+ Inovadoras no Uso de TI, com destaque para recursos digitais como o Modo Guardiao no Super App.",MundoCoop; IT_Forum; Super_App_Sicoob,,Contexto_sustentado_de_maturidade_digital_e_produto,Alto,Medio,Alta,https://mundocoop.com.br/economia-negocios/sicoob-alcanca-top-7-do-ranking-as-100-inovadoras-no-uso-de-ti-em-2026/
2026-07-08,2026-07-08,1,BRB,Nota_imprensa_compliance_PCDF_23_06_2026,O BRB informou em 23/06/2026 que a operacao deflagrada pela PCDF teve inicio a partir de noticia-crime encaminhada pelo proprio banco apos identificacao de irregularidades e indicios de descumprimento de normas de compliance.,PCDF,,Acionamento_institucional_de_controles_e_compliance,Altissimo,Altissimo,Muito alta,https://novo.brb.com.br/releases-imprensa/page/6/
2026-07-08,2026-07-08,1,BRB,Operacao_Quadra_Capital_readequacao_2026,"Em fato relevante de 20/04/2026, o BRB informou memorando com a Quadra Capital para estruturar operacao de referencia de R$ 15 bilhoes destinada a fortalecer capital, liquidez e gestao de ativos recebidos do Banco Master.",Quadra_Capital; Banco_Master,,Readequacao_patrimonial_e_de_liquidez_com_divulgacao_ao_mercado,Altissimo,Altissimo,Muito alta,https://ri.brb.com.br/upload/files/4134_Fato-Relevante-Operac-a-o-QUADRA-CAPITAL.pdf
2026-07-08,2026-07-08,1,Banco do Brasil,AcademIA_BB_2026_36_mil_funcionarios,"O Banco do Brasil informou em 08/06/2026 que o AcademIA BB 2026 ja engajou mais de 36 mil funcionarios, com mais de 3 milhoes de horas de treinamento.",Ecossistema_proprio,,Capacitacao_institucional_em_IA_generativa_e_agentica,Altissimo,Alto,Muito alta,https://www.bb.com.br/pbb/pagina-inicial/imprensa/n/69153/
2026-07-08,2026-07-08,1,CAIXA,Modernizacao_do_SINAPI_com_APIs_2026,"A CAIXA publicou em 19/05/2026 edital para selecionar ate duas solucoes para modernizar o SINAPI, com dados estruturados, consultas interativas e integracoes mais reutilizaveis.",SINAPI; TransfereGov,,Chamada_publica_para_modernizacao_de_base_critica_de_dados,Altissimo,Alto,Muito alta,https://caixanoticias.caixa.gov.br/Paginas/Not%C3%ADcias/2026/05-MAIO/CAIXA-lan%C3%A7a-edital-p%C3%BAblico-para-modernizar-o-SINAPI.aspx
2026-07-08,2026-07-08,1,CAIXA,Sandbox_CAIXA_reconhecimento_global_2026,A pagina de Inovacao da CAIXA registra em 15/06/2026 que o Sandbox CAIXA entrou em ranking global da Global Finance entre os melhores laboratorios de inovacao financeira.,Global_Finance; Sandbox_CAIXA,,Reconhecimento_internacional_de_laboratorio_de_inovacao,Altissimo,Medio,Muito alta,https://caixanoticias.caixa.gov.br/Paginas/Tag.aspx?t=Inova%C3%A7%C3%A3o%2C+CAIXA
2026-07-08,2026-07-08,1,CAIXA,Universidade_Corporativa_digital_150_mil_usuarios,"A InforChannel publicou em 02/07/2026 que a Universidade Corporativa CAIXA modernizou sua plataforma digital para cerca de 150 mil usuarios, com recursos de IA, metaverso e gamificacao implementados pela Luxortec.",InforChannel; Luxortec; Universidade_CAIXA,,Cobertura_setorial_sobre_modernizacao_da_educacao_corporativa,Altissimo,Medio,Muito alta,https://inforchannel.com.br/2026/07/02/universidade-corporativa-caixa-adota-sistema-de-educacao-digital-para-150-mil-usuarios/
2026-07-08,2026-07-08,1,Sicoob,Resultado_recorde_2025_publicado_2026_07_06,"Em publicacao replicada na rede oficial do sistema em 06/07/2026, o Sicoob destacou resultado financeiro recorde de R$ 11,2 bilhoes em 2025, com crescimento de 33,3% sobre o ano anterior.",Ecossistema_proprio,,Resultado_recorde_com_reforco_de_capacidade_de_reinvestimento,Altissimo,Medio,Muito alta,https://www.sicoob.com.br/web/sicoob/noticias/-/asset_publisher/xAioIawpOI5S/content/id/321076437
2026-07-08,2026-07-08,1,Sicoob,Super_App_melhor_aplicativo_Banking_Transformation_2026,"Em fevereiro de 2026, o Super App Sicoob foi reconhecido como melhor aplicativo do mercado financeiro na categoria Banking Anywhere do Premio Banking Transformation.",Cantarino_Brasileiro; Super_App_Sicoob,,Reconhecimento_externo_de_canal_digital_e_experiencia_do_usuario,Altissimo,Medio,Muito alta,https://www.sicoob.com.br/web/sicoob/noticias/-/asset_publisher/xAioIawpOI5S/content/id/318241150
2026-07-08,2026-07-08,1,Banco Central,Manual_de_Seguranca_Open_Finance_v5_2026,"A Instrucao Normativa BCB n 720, de 02/04/2026, divulgou a versao 5.0 do Manual de Seguranca do Open Finance, reforcando requisitos obrigatorios para o ecossistema de APIs financeiras.",Open_Finance,,Atualizacao_normativa_de_seguranca_para_o_ecossistema_aberto,Altissimo,Altissimo,Alta,https://openfinancebrasil.org.br/atos-normativos/
2026-07-08,2026-07-08,1,Banco do Brasil,IA_reforca_relacao_com_clientes_2026,Cobertura de mercado em 09/06/2026 destacou que Tarciana Medeiros apontou a IA como ganho central para elevar a precisao do acompanhamento do negocio e reforcar a relacao com clientes.,Jornal_do_Comercio; Agencia_Estado,,Leitura_externa_sobre_execucao_pratica_de_IA_no_banco,Altissimo,Medio,Alta,https://www.jornaldocomercio.com/economia/2026/06/1251889-uso-da-ia-permite-reforcar-relacao-com-clientes-aponta-presidente-do-bb.html
2026-07-08,2026-07-08,1,CAIXA,Sandbox_CAIXA_antifraude_Microsoft_Copilot_2026,A Global Finance detalhou em 15/06/2026 que o Sandbox CAIXA usa Microsoft Copilot para amadurecer ideias de empregados e avaliar iniciativa antifraude em caixas eletronicos.,Global_Finance; Microsoft,,Cobertura_externa_sobre_experimentacao_com_IA_e_prevencao_a_fraude,Altissimo,Medio,Alta,https://gfmag.com/technology/labs-rethink-banking-best-financial-innovation-labs-2026/
2026-07-08,2026-07-08,1,Sicoob,Reconhecimento_BNDES_2026,"Em 11/06/2026, o Sicoob foi destacado no reconhecimento anual de Agentes Financeiros do BNDES, com premios em NPS Foco no Cliente e Desenvolvimento Regional Norte.",BNDES,,Reconhecimento_externo_em_credito_e_distribuicao,Alto,Medio,Alta,https://www.sicoob.com.br/web/sicoob/noticias/-/asset_publisher/xAioIawpOI5S/content/id/321076369
2026-07-07,2026-07-08,2,BRB,Acordo_FGC_para_aporte_de_capital_2026,"Em fato relevante de 28/05/2026, o BRB detalhou acordo homologado pelo STF para viabilizar operacao de credito junto ao FGC, com foco exclusivo em aporte de capital pelo acionista controlador.",FGC; STF; Banco_Central,,Arranjo_formal_para_recomposicao_de_capital_e_continuidade,Altissimo,Altissimo,Muito alta,https://ri.brb.com.br/upload/files/4164_Fato-Relevante-acordo-FGC-v2-1.pdf
2026-07-07,2026-07-08,2,BRB,Audiencia_CAE_transparencia_e_perdas_Master_2026,"O Senado registrou em 09/06/2026 que senadores cobraram transparencia sobre a situacao do BRB, questionando perdas relacionadas ao Banco Master, atraso do balanco de 2025 e efeitos sobre depositos judiciais.",Senado_Federal; Banco_Master,,Pressao_politica_e_institucional_sobre_governanca_e_capital,Altissimo,Altissimo,Muito alta,https://www12.senado.leg.br/noticias/materias/2026/06/09/em-audiencia-na-cae-senadores-cobram-transparencia-sobre-situacao-do-brb
2026-07-07,2026-07-07,1,BRB,Operacao_Quadra_Capital_readequacao_2026,"Em fato relevante de 20/04/2026, o BRB informou memorando com a Quadra Capital para estruturar operacao de referencia de R$ 15 bilhoes destinada a fortalecer capital, liquidez e gestao de ativos ligados ao caso Banco Master.",Quadra_Capital; Banco_Master,,Readequacao_patrimonial_e_de_liquidez_com_divulgacao_ao_mercado,Altissimo,Altissimo,Muito alta,https://ri.brb.com.br/upload/files/4134_Fato-Relevante-Operac-a-o-QUADRA-CAPITAL.pdf
2026-07-07,2026-07-08,2,Banco Central,Contas_em_moeda_estrangeira_regulacao_cambial_2026,"Em 01/07/2026, o Banco Central anunciou ampliacao do uso de contas em moeda estrangeira no pais, com objetivo de reduzir custos, simplificar operacoes e dar mais eficiencia aos negocios internacionais.",Ecossistema_regulatorio,,Modernizacao_regulatoria_com_impacto_em_sistemas_e_processos,Altissimo,Altissimo,Muito alta,https://www.bcb.gov.br/detalhenoticia/21191/noticia
2026-07-07,2026-07-08,2,Banco Central,Jornada_otimizada_Pix_Open_Finance_2026,A Agencia Brasil informou em 23/06/2026 que a nova jornada otimizada do Pix por aproximacao passou a permitir compartilhamento de saldo e limite na mesma etapa de vinculacao da conta ao pagamento.,Agencia_Brasil; Open_Finance,,Integracao_operacional_de_pagamentos_digitais_e_dados_financeiros,Altissimo,Alto,Muito alta,https://agenciabrasil.ebc.com.br/radioagencia-nacional/economia/audio/2026-06/banco-central-da-mais-um-passo-na-integracao-entre-pix-e-open-finance
2026-07-07,2026-07-08,2,Banco Central,Prudencial_para_prestadoras_de_ativos_virtuais_2026,"Em 02/07/2026, o Banco Central incorporou as sociedades prestadoras de servicos de ativos virtuais ao arcabouco prudencial vigente, ampliando a densidade regulatoria do setor.",Prestadoras_de_servicos_de_ativos_virtuais,,Expansao_do_arco_prudencial_sobre_infraestrutura_financeira_digital,Altissimo,Altissimo,Muito alta,https://www.bcb.gov.br/detalhenoticia/21192/nota
2026-07-07,2026-07-07,1,Banco do Brasil,AcademIA_BB_2026_36_mil_funcionarios,"O Banco do Brasil informou em 08/06/2026 que o AcademIA BB 2026 ja engajou mais de 36 mil funcionarios, com mais de 3 milhoes de horas de treinamento e mais de 1,2 mil modelos de IA catalogados.",Ecossistema_proprio,,Capacitacao_institucional_em_IA_generativa_e_agentica,Altissimo,Alto,Muito alta,https://www.bb.com.br/pbb/pagina-inicial/imprensa/n/69153/
2026-07-07,2026-07-08,2,Banco do Brasil,Banco_do_Ano_Celent_Model_Bank_2026,"A Celent publicou em junho de 2026 que o Banco do Brasil foi o Model Bank of the Year 2026, destacando uso de IA e analytics alinhado a crescimento, rentabilidade e centralidade no cliente.",Celent,,Reconhecimento_externo_de_maturidade_em_IA_e_analytics,Altissimo,Medio,Muito alta,https://www.celent.com/insights/announcing-the-celent-model-bank-2026-award-winners
2026-07-07,2026-07-07,1,CAIXA,Modernizacao_do_SINAPI_com_APIs_2026,"A CAIXA publicou em maio de 2026 edital para modernizar o SINAPI, prevendo testes em ambiente real, dados estruturados, consultas interativas, APIs documentadas e maior integracao com plataformas governamentais.",SINAPI; TransfereGov,,Chamada_publica_para_modernizacao_de_base_critica_de_dados,Altissimo,Alto,Muito alta,https://caixanoticias.caixa.gov.br/Paginas/Not%C3%ADcias/2026/05-MAIO/CAIXA-lan%C3%A7a-edital-p%C3%BAblico-para-modernizar-o-SINAPI.aspx
2026-07-07,2026-07-07,1,CAIXA,Sandbox_CAIXA_reconhecimento_internacional_2026,"A CAIXA informou em 15/06/2026 que o Sandbox CAIXA entrou na lista da Global Finance entre os melhores laboratorios de inovacao financeira do mundo, com uso de experimentacao segura e apoio da agente generativa Sandy.",Global_Finance; Sandbox_CAIXA,,Reconhecimento_internacional_de_laboratorio_de_inovacao,Altissimo,Medio,Muito alta,https://caixanoticias.caixa.gov.br/Paginas/Not%C3%ADcias/2026/06-JUNHO/CAIXA-alcanca-reconhecimento-internacional-com-laboratorio-de-inovacao.aspx
2026-07-07,2026-07-07,1,CAIXA,Universidade_Corporativa_digital_150_mil_usuarios,"A InforChannel publicou em 02/07/2026 que a Universidade Corporativa CAIXA modernizou sua plataforma digital para cerca de 150 mil usuarios, com recursos de IA, metaverso e gamificacao.",InforChannel; Universidade_CAIXA,,Cobertura_setorial_sobre_modernizacao_da_educacao_corporativa,Altissimo,Medio,Muito alta,https://inforchannel.com.br/2026/07/02/universidade-corporativa-caixa-adota-sistema-de-educacao-digital-para-150-mil-usuarios/
2026-07-07,2026-07-08,2,Sicoob,Dez_milhoes_de_cooperados_2026,"O Estadao no portal UOL informou em 25/05/2026 que o Sicoob atingiu 10 milhoes de cooperados, com crescimento de 44% sobre dezembro de 2025 e forte ampliacao de escala operacional.",UOL; Estadao_Conteudo,,Escala_nacional_e_pressao_positiva_sobre_canais_digitais,Altissimo,Medio,Muito alta,https://economia.uol.com.br/noticias/estadao-conteudo/2026/05/25/cooperativa-sicoob-atinge-marca-de-10-milhoes-de-cooperados.htm
2026-07-07,2026-07-07,1,Sicoob,Resultado_recorde_2025_publicado_2026_07_07,"O Sicoob publicou em 07/07/2026 resultado financeiro recorde de R$ 11,2 bilhoes em 2025, com crescimento de 33,3% sobre o ano anterior e base de cooperados proxima de 10 milhoes.",Ecossistema_proprio,,Resultado_recorde_com_reforco_de_capacidade_de_reinvestimento,Altissimo,Medio,Muito alta,https://www.sicoob.com.br/web/sicoob/noticias/-/asset_publisher/xAioIawpOI5S/content/id/321076437
2026-07-07,2026-07-07,1,Banco Central,Manual_de_Seguranca_Open_Finance_v5_2026,"A Instrução Normativa BCB n 720, de 02/04/2026, divulgou a versao 5.0 do Manual de Seguranca do Open Finance, reforcando requisitos obrigatorios para o ecossistema de APIs financeiras.",Open_Finance,,Atualizacao_normativa_de_seguranca_para_o_ecossistema_aberto,Altissimo,Altissimo,Alta,https://www.bcb.gov.br/estabilidadefinanceira/exibenormativo?numero=720&tipo=Instru%C3%A7%C3%A3o+Normativa+BCB
2026-07-07,2026-07-07,1,Banco do Brasil,IA_reforca_relacao_com_clientes_2026,Cobertura do Estadao no portal UOL em 09/06/2026 destacou que Tarciana Medeiros apontou a IA como ganho central para elevar a precisao do acompanhamento do negocio e reforcar a relacao com clientes.,UOL; Estadao_Conteudo,,Leitura_externa_sobre_execucao_pratica_de_IA_no_banco,Altissimo,Medio,Alta,https://economia.uol.com.br/noticias/estadao-conteudo/2026/06/09/uso-da-ia-permite-reforcar-relacao-com-clientes-aponta-presidente-do-bb.htm
2026-07-07,2026-07-08,2,Banco do Brasil,Tesouro_Reserva_via_Pix_2026,"O BB anunciou em junho de 2026 o Tesouro Reserva em parceria com Tesouro Nacional e B3, com investimento e resgate pelo app Investimentos BB usando transacao via Pix.",Tesouro_Nacional; B3,,Solucao_de_pagamentos_e_investimentos_digitais_integrados,Alto,Medio,Alta,https://www.bb.com.br/pbb/pagina-inicial/imprensa/n/69113/
2026-07-07,2026-07-07,1,CAIXA,Sandbox_CAIXA_antifraude_Microsoft_Copilot_2026,A Global Finance detalhou em junho de 2026 que o Sandbox CAIXA passou a usar Microsoft Copilot para amadurecer ideias de empregados e avaliar um alerta antifraude para caixas eletronicos.,Global_Finance; Microsoft,,Cobertura_externa_sobre_experimentacao_com_IA_e_prevencao_a_fraude,Altissimo,Medio,Alta,https://gfmag.com/technology/labs-rethink-banking-best-financial-innovation-labs-2026/
2026-07-07,2026-07-07,1,Sicoob,Contexto_sustentado_Top_7_inovadoras_TI_2026,"Contexto sustentado: a MundoCoop reportou em 06/04/2026 que o Sicoob chegou ao Top 7 do ranking As 100+ Inovadoras no Uso de TI, com destaque para o Modo Guardiao no Super App.",MundoCoop; IT_Forum,,Reconhecimento_externo_de_inovacao_em_TI_e_segurança,Alto,Medio,Alta,https://mundocoop.com.br/economia-negocios/sicoob-alcanca-top-7-do-ranking-as-100-inovadoras-no-uso-de-ti-em-2026/
2026-07-07,2026-07-07,1,Sicoob,Reconhecimento_BNDES_2026,O portal do BNDES manteve em 2026 o Sicoob entre os agentes financeiros reconhecidos pelo desempenho em distribuicao de credito e relacionamento com pequenos negocios.,BNDES,,Reconhecimento_externo_em_credito_e_distribuicao,Alto,Medio,Alta,https://www.bndes.gov.br/wps/portal/site/home/instituicoes-financeiras-credenciadas/reconhecimento-bndes
2026-07-06,2026-07-07,2,BRB,Nota_imprensa_compliance_PCDF_23_06_2026,O BRB informou em 23/06/2026 que a operacao deflagrada pela PCDF teve inicio a partir de noticia-crime encaminhada pelo proprio banco apos identificacao de irregularidades em movimentacoes financeiras e indicios de descumprimento de normas de compliance.,PCDF,,Acionamento_institucional_de_controles_e_compliance,Altissimo,Altissimo,Muito alta,https://novo.brb.com.br/releases-imprensa/
2026-07-06,2026-07-06,1,BRB,Operacao_Quadra_Capital_e_readequacao_de_liquidez_2026,"Em fato relevante de 20/04/2026, o BRB informou memorando com a Quadra Capital para estruturar operacao com valor de referencia de R$ 15 bilhoes, buscando fortalecer capital, liquidez e gestao do portifolio ligado ao caso Banco Master.",Quadra_Capital; Banco_Master,,Readequacao_patrimonial_e_de_liquidez_com_fato_relevante_ao_mercado,Altissimo,Altissimo,Muito alta,https://ri.brb.com.br/upload/files/4134_Fato-Relevante-Operac-a-o-QUADRA-CAPITAL.pdf
2026-07-06,2026-07-06,1,Banco Central,Contas_em_moeda_estrangeira_e_regulacao_cambial_2026,"O Banco Central detalhou em 01/07/2026 que a Resolucao BCB 575 ampliou as possibilidades de abertura e movimentacao de contas de deposito em moeda estrangeira no pais, com impacto operacional para instituicoes e empresas.",Ecossistema_regulatorio,,Modernizacao_regulatoria_com_impacto_em_sistemas_e_processos,Altissimo,Altissimo,Muito alta,https://www.bcb.gov.br/detalhenoticia/21191/noticia
2026-07-06,2026-07-06,1,CAIXA,Universidade_Corporativa_digital_150_mil_usuarios,"A InforChannel publicou em 02/07/2026 que a Universidade Corporativa CAIXA passou a operar nova plataforma digital para cerca de 150 mil usuarios, com IA, metaverso e gamificacao.",InforChannel; Luxortec,,Cobertura_setorial_sobre_modernizacao_da_educacao_corporativa,Altissimo,Medio,Muito alta,https://inforchannel.com.br/2026/07/02/universidade-corporativa-caixa-adota-sistema-de-educacao-digital-para-150-mil-usuarios/
2026-07-06,2026-07-06,1,Sicoob,Dez_milhoes_de_cooperados_2026,"O Estadao no portal UOL Economia reportou em 25/05/2026 que o Sicoob atingiu a marca de 10 milhoes de cooperados, com crescimento relevante da base e ampliacao de escala.",UOL; Estadao_Conteudo,,Escala_operacional_e_capilaridade_digital_ampliadas,Altissimo,Medio,Muito alta,https://economia.uol.com.br/noticias/estadao-conteudo/2026/05/25/cooperativa-sicoob-atinge-marca-de-10-milhoes-de-cooperados.htm
2026-07-06,2026-07-06,1,Sicoob,Resultado_recorde_2025_publicado_2026_07_06,"O Sicoob publicou em 06/07/2026 resultado financeiro recorde de R$ 11,2 bilhoes em 2025, com crescimento de 33,3% em relacao ao ano anterior.",Ecossistema_proprio,,Resultado_recorde_com_reforco_de_capacidade_de_reinvestimento,Altissimo,Medio,Muito alta,https://www.sicoob.com.br/web/cressem/noticias/-/asset_publisher/xAioIawpOI5S/content/id/321076437
2026-07-06,2026-07-06,1,Banco Central,Contexto_sustentado_Manual_de_Seguranca_Open_Finance_v5_2026,"Contexto sustentado: a Instrucao Normativa BCB n 720, de 02/04/2026, divulgou a versao 5.0 do Manual de Seguranca do Open Finance, de observancia obrigatoria para as instituicoes participantes.",Open_Finance,,Atualizacao_obrigatoria_de_requisitos_de_seguranca,Altissimo,Altissimo,Alta,https://www.bcb.gov.br/estabilidadefinanceira/exibenormativo?numero=720&tipo=Instrucao+Normativa+BCB
2026-07-06,2026-07-06,1,Banco do Brasil,Contexto_sustentado_Pix_transfronteirico_na_Argentina_via_APIs,"Contexto sustentado: a Convergencia Digital reportou em 06/03/2026 que o Banco do Brasil lancou pagamento com Pix na Argentina, com conversao cambial integrada por APIs e parceria com o Banco Patagonia.",Banco_Patagonia; Convergencia_Digital,,Expansao_de_pagamentos_digitais_transfronteiricos,Altissimo,Medio,Alta,https://convergenciadigital.com.br/inovacao/banco-do-brasil-lanca-pix-na-argentina-mesmo-para-quem-nao-e-cliente/
2026-07-06,2026-07-06,1,CAIXA,Contexto_sustentado_IA_aplicada_ao_suporte_juridico_CPSI_2026,"Contexto sustentado: em 28/01/2026 a CAIXA lancou a 8a Chamada de Startups para contratar solucao de IA aplicada ao suporte juridico, com CPSI e investimento previsto de ate R$ 1,6 milhao.",Startups; Ecossistema_proprio,,Contratacao_inovadora_de_IA_para_area_juridica,Altissimo,Alto,Alta,https://caixanoticias.caixa.gov.br/Paginas/Not%C3%ADcias/2026/01-JANEIRO/CAIXA-lanca-chamada-de-startups-para-contratar-solucao-em-IA-aplicada-ao-suporte-juridico.aspx
2026-07-06,2026-07-06,1,Sicoob,Contexto_sustentado_Top_7_inovadoras_TI_2026,"Contexto sustentado: a MundoCoop reportou em 06/04/2026 que o Sicoob alcancou o Top 7 do ranking As 100+ Inovadoras no Uso de TI, com destaque para solucao de seguranca ligada ao Modo Guardiao.",MundoCoop; IT_Forum,,Sinal_estrutural_de_inovacao_em_TI_e_seguranca,Alto,Medio,Alta,https://mundocoop.com.br/economia-negocios/sicoob-alcanca-top-7-do-ranking-as-100-inovadoras-no-uso-de-ti-em-2026/
2026-07-06,2026-07-06,1,Sicoob,Reconhecimento_BNDES_2026,"O BNDES manteve o Sicoob entre os destaques no Reconhecimento BNDES, com mencoes em atendimento ao cliente e apoio a micro e pequenos negocios.",BNDES,,Reconhecimento_externo_em_credito_e_distribuicao,Alto,Medio,Alta,https://www.bndes.gov.br/wps/portal/site/home/instituicoes-financeiras-credenciadas/reconhecimento-bndes
2026-07-05,2026-07-06,2,BRB,Capitalizacao_para_perdas_Master_2026,"A Agencia Brasil reportou em 09/06/2026 que o BRB precisa de R$ 8,8 bilhoes para fazer frente as perdas relacionadas ao caso Banco Master, mantendo o tema sob escrutinio prudencial e politico.",Agencia_Brasil; Banco_Master,,Cobertura_publica_sobre_necessidade_de_capitalizacao,Altissimo,Altissimo,Muito alta,https://agenciabrasil.ebc.com.br/politica/noticia/2026-06/brb-precisa-de-r-88-bilhoes-para-fazer-frente-perdas-com-o-master
2026-07-05,2026-07-05,1,BRB,Nota_imprensa_compliance_PCDF_23_06_2026,O BRB informou em 23/06/2026 que a operacao deflagrada pela PCDF teve inicio a partir de noticia-crime encaminhada pelo proprio banco apos identificacao de irregularidades e indicios de descumprimento de normas de compliance.,PCDF,,Acionamento_institucional_e_resposta_de_compliance,Altissimo,Altissimo,Muito alta,https://novo.brb.com.br/releases-imprensa/
2026-07-05,2026-07-06,2,BRB,Pressao_politica_por_transparencia_11_06_2026,"O Senado registrou em 11/06/2026 cobranca publica por maior transparencia sobre a situacao financeira do BRB, reforcando a sensibilidade institucional do caso.",Senado_Federal,,Pressao_politica_e_institucional_por_transparencia,Altissimo,Altissimo,Muito alta,https://www12.senado.leg.br/noticias/materias/2026/06/11/leila-barros-cobra-transparencia-sobre-situacao-do-brb
2026-07-05,2026-07-05,1,Banco Central,Contas_em_moeda_estrangeira_e_regulacao_cambial_2026,"O Banco Central detalhou em 01/07/2026 que a Resolução BCB 575 ampliou as possibilidades de abertura e movimentacao de contas de deposito em moeda estrangeira, com impacto operacional para instituicoes e empresas.",Ecossistema_regulatorio,,Modernizacao_regulatoria_com_impacto_em_sistemas_e_processos,Altissimo,Altissimo,Muito alta,https://www.bcb.gov.br/detalhenoticia/21191/noticia
2026-07-05,2026-07-06,2,Banco Central,Jornada_otimizada_no_Pix_e_Open_Finance_2026,"A Agencia Brasil informou em 23/06/2026 que o Pix por aproximacao passou a permitir visualizacao de saldo e limite antes do pagamento, em etapa chamada de jornada otimizada no Open Finance.",Agencia_Brasil; Open_Finance,,Regulacao_operacional_de_pagamentos_digitais_com_melhora_de_experiencia,Altissimo,Alto,Muito alta,https://agenciabrasil.ebc.com.br/economia/noticia/2026-06/pix-por-aproximacao-passa-mostrar-saldo-antes-do-pagamento
2026-07-05,2026-07-06,2,Banco do Brasil,Capacitacao_IA_generativa_e_agentica_AcademIA_BB_2026,"O Banco do Brasil informou em 08/06/2026 que o AcademIA BB 2026 ja engajou mais de 36 mil funcionarios, com mais de 3 milhoes de horas de treinamento em IA generativa e agentica.",Ecossistema_proprio,,Programa_institucional_de_capacitacao_em_IA,Altissimo,Alto,Muito alta,https://www.bb.com.br/pbb/pagina-inicial/imprensa/n/69153/
2026-07-05,2026-07-06,2,Banco do Brasil,Celent_Model_Bank_2026_IA_em_escala,"A Celent anunciou em junho de 2026 o Banco do Brasil como Model Bank of the Year 2026, destacando execucao de IA e analytics alinhada a crescimento, experiencia do cliente e agilidade operacional.",Celent,,Reconhecimento_global_de_inovacao_financeira_com_foco_em_IA,Altissimo,Alto,Muito alta,https://www.celent.com/insights/announcing-the-celent-model-bank-2026-award-winners
2026-07-05,2026-07-06,2,CAIXA,Sandbox_CAIXA_Global_Finance_2026,"A Global Finance listou o Sandbox CAIXA entre os melhores laboratorios de inovacao financeira de 2026, reforcando a maturidade do modelo de experimentacao controlada do banco.",Global_Finance,,Reconhecimento_internacional_do_laboratorio_de_inovacao,Altissimo,Medio,Muito alta,https://gfmag.com/award/award-winners/best-financial-innovation-labs-2026/
2026-07-05,2026-07-05,1,CAIXA,Universidade_Corporativa_digital_150_mil_usuarios,"A InforChannel publicou em 02/07/2026 que a Universidade Corporativa Caixa passou a operar nova plataforma digital para cerca de 150 mil usuarios, com IA, metaverso e gamificacao.",InforChannel; Luxortec,,Cobertura_setorial_sobre_modernizacao_da_educacao_corporativa,Altissimo,Medio,Muito alta,https://inforchannel.com.br/2026/07/02/universidade-corporativa-caixa-adota-sistema-de-educacao-digital-para-150-mil-usuarios/
2026-07-05,2026-07-05,1,Sicoob,Dez_milhoes_de_cooperados_2026,"O Estadao no portal UOL Economia reportou em 25/05/2026 que o Sicoob atingiu a marca de 10 milhoes de cooperados, com crescimento de 44% em relacao a dezembro de 2025.",UOL; Estadao_Conteudo,,Escala_operacional_e_capilaridade_digital_ampliadas,Altissimo,Medio,Muito alta,https://economia.uol.com.br/noticias/estadao-conteudo/2026/05/25/cooperativa-sicoob-atinge-marca-de-10-milhoes-de-cooperados.htm
2026-07-05,2026-07-05,1,Sicoob,Resultado_recorde_2025_publicado_2026_07_04,"O Sicoob publicou em 04/07/2026 resultado financeiro recorde de R$ 11,2 bilhoes em 2025, com crescimento de 33,3% em relacao ao ano anterior.",Ecossistema_proprio,,Resultado_recorde_com_reforco_de_capacidade_de_reinvestimento,Altissimo,Medio,Muito alta,https://www.sicoob.com.br/web/sicoobnossacoop/noticias/-/asset_publisher/xAioIawpOI5S/content/id/321076437
2026-07-05,2026-07-05,1,BRB,Aportes_parciais_no_aumento_de_capital_2026,"A Agencia Brasil informou em 28/05/2026 que o BRB mudou regras para permitir aportes parciais no aumento de capital, acelerando o efeito patrimonial da recomposicao.",Agencia_Brasil,,Execucao_pratica_do_plano_de_recapitalizacao,Altissimo,Altissimo,Alta,https://agenciabrasil.ebc.com.br/economia/noticia/2026-05/brb-muda-regras-e-permite-aportes-parciais-para-aumento-de-capital
2026-07-05,2026-07-06,2,Banco Central,Dados_abertos_SPI_atualizacao_diaria_2026,"O portal de Dados Abertos do Banco Central mantem conjunto especifico de estatisticas do SPI com documentacao, recursos e atualizacao operacional para monitorar liquidacao, intradia e indisponibilidades.",SPI; Dados_Abertos_BCB,,Transparencia_operacional_de_infraestrutura_critica,Alto,Alto,Alta,https://dadosabertos.bcb.gov.br/hr/dataset/estatisticas-do-spi-sistema-de-pagamentos-instantaneos
2026-07-05,2026-07-05,1,Banco Central,Manual_de_Seguranca_Open_Finance_v5_2026,"A Instrução Normativa BCB nº 720, de 02/04/2026, divulgou a versao 5.0 do Manual de Seguranca do Open Finance, de observancia obrigatoria para as instituicoes participantes.",Open_Finance,,Atualizacao_obrigatoria_de_requisitos_de_seguranca,Altissimo,Altissimo,Alta,https://www.bcb.gov.br/estabilidadefinanceira/exibenormativo?numero=720&tipo=Instru%C3%A7%C3%A3o+Normativa+BCB
2026-07-05,2026-07-06,2,Banco do Brasil,IA_reforca_relacao_com_clientes_2026,Cobertura do Estadao/UOL em 09/06/2026 destacou declaracao da presidente Tarciana Medeiros de que a IA esta aumentando a precisao do acompanhamento do negocio e reforcando a relacao com clientes.,UOL; Estadao_Conteudo,,Leitura_externa_sobre_execucao_de_IA_na_operacao_bancaria,Altissimo,Medio,Alta,https://economia.uol.com.br/noticias/estadao-conteudo/2026/06/09/uso-da-ia-permite-reforcar-relacao-com-clientes-aponta-presidente-do-bb.htm
2026-07-05,2026-07-05,1,Banco do Brasil,Pix_transfronteirico_na_Argentina_via_APIs,"A Convergencia Digital reportou em 06/03/2026 que o Banco do Brasil lancou pagamento com Pix na Argentina, com conversao cambial integrada por APIs e parceria com o Banco Patagonia.",Banco_Patagonia; Convergencia_Digital,,Expansao_de_pagamentos_digitais_transfronteiricos,Altissimo,Medio,Alta,https://convergenciadigital.com.br/inovacao/banco-do-brasil-lanca-pix-na-argentina-mesmo-para-quem-nao-e-cliente/
2026-07-05,2026-07-05,1,CAIXA,IA_aplicada_ao_suporte_juridico_CPSI_2026,"Em 28/01/2026 a CAIXA lancou a 8a Chamada de Startups para contratar solucao de IA aplicada ao suporte juridico, com CPSI e investimento previsto de ate R$ 1,6 milhao.",Startups; Ecossistema_proprio,,Contratacao_inovadora_de_IA_para_area_juridica,Altissimo,Alto,Alta,https://caixanoticias.caixa.gov.br/Paginas/Not%C3%ADcias/2026/01-JANEIRO/CAIXA-lanca-chamada-de-startups-para-contratar-solucao-em-IA-aplicada-ao-suporte-juridico.aspx
2026-07-05,2026-07-06,2,CAIXA,Modernizacao_do_SINAPI_2026,"O PNCP mantem visivel o Edital CECOT 71/2026 da CAIXA para modernizacao do SINAPI, com trilha publica de contratacao ligada a automacao, dados e evolucao de plataforma critica.",PNCP,,Edital_publico_para_modernizacao_de_plataforma_critica,Altissimo,Alto,Alta,https://pncp.gov.br/app/editais/00360305000104/2026/305
2026-07-05,2026-07-05,1,Sicoob,Reconhecimento_BNDES_2026,"O BNDES mantem o Sicoob entre os destaques no Reconhecimento BNDES, com mencoes em atendimento ao cliente e apoio a micro e pequenos negocios.",BNDES,,Reconhecimento_externo_em_credito_e_distribuicao,Alto,Medio,Alta,https://www.bndes.gov.br/wps/portal/site/home/instituicoes-financeiras-credenciadas/reconhecimento-bndes
2026-07-05,2026-07-05,1,Sicoob,Top_7_inovadoras_TI_2026,"A MundoCoop reportou em 06/04/2026 que o Sicoob alcancou o Top 7 do ranking As 100+ Inovadoras no Uso de TI, com destaque para solucao de seguranca ligada ao Modo Guardiao.",MundoCoop; IT_Forum,,Sinal_estrutural_de_inovacao_em_TI_e_seguranca,Alto,Medio,Alta,https://mundocoop.com.br/economia-negocios/sicoob-alcanca-top-7-do-ranking-as-100-inovadoras-no-uso-de-ti-em-2026/
2026-07-04,2026-07-04,1,BRB,Pressao_politica_por_transparencia_11_06_2026,"O Senado registrou em 11/06/2026 cobrança pública por maior transparência sobre a situação financeira do BRB, reforçando a sensibilidade institucional do caso para políticas públicas e governança.",Senado_Federal,,Pressao_politica_e_institucional_por_transparencia,Altíssimo,Altíssimo,Muito alta,https://www12.senado.leg.br/noticias/materias/2026/06/11/leila-barros-cobra-transparencia-sobre-situacao-do-brb
2026-07-04,2026-07-04,1,BRB,SP_rebaixa_nota_e_aponta_risco_de_execucao_2026,O Seu Dinheiro publicou em 07/06/2026 que a S&P voltou a rebaixar o BRB e elevou o alerta sobre riscos de execução do plano bilionário de capitalização após a crise ligada ao Banco Master.,S&P; Seu_Dinheiro,,Pressao_externa_de_rating_e_execucao_do_plano_de_capital,Altíssimo,Altíssimo,Muito alta,https://www.seudinheiro.com/2026/empresas/sp-volta-a-rebaixar-o-brb-e-acende-alerta-sobre-plano-bilionario-apos-crise-ligada-ao-banco-master-miql/
2026-07-04,2026-07-04,1,Banco Central,Pix_por_aproximacao_sem_teto_fixo_2026,O Globo informou em 17/06/2026 que o Banco Central atualizou as regras do Pix por aproximação para permitir limite específico definido pelo usuário e maior flexibilidade operacional na modalidade.,Open_Finance; O_Globo,,Regulacao_operacional_de_pagamentos_digitais,Altíssimo,Alto,Muito alta,https://oglobo.globo.com/economia/noticia/2026/06/17/pix-por-aproximacao-bc-atualiza-regras-para-permitir-que-usuarios-definam-limite-de-transferencia-especifico-para-modalidade.ghtml
2026-07-04,2026-07-04,1,Banco do Brasil,Celent_Model_Bank_2026_IA_em_escala,"A Celent anunciou em meados de junho de 2026 o Banco do Brasil como Model Bank of the Year 2026, destacando execução de IA e analytics alinhada à estratégia de crescimento e experiência do cliente.",Celent,,Reconhecimento_global_de_inovacao_financeira_com_foco_em_IA,Altíssimo,Alto,Muito alta,https://www.celent.com/insights/announcing-the-celent-model-bank-2026-award-winners
2026-07-04,2026-07-04,1,CAIXA,Sandbox_CAIXA_Global_Finance_2026,"A Global Finance listou o Sandbox CAIXA entre os melhores laboratórios de inovação financeira de 2026, reforçando a maturidade do modelo de experimentação controlada do banco.",Global_Finance; Microsoft_Copilot,,Reconhecimento_internacional_do_laboratorio_de_inovacao,Altíssimo,Médio,Muito alta,https://gfmag.com/award/award-winners/best-financial-innovation-labs-2026/
2026-07-04,2026-07-04,1,CAIXA,Universidade_Corporativa_digital_150_mil_usuarios,"A InforChannel publicou em 02/07/2026 que a Universidade Corporativa Caixa passou a operar em nova plataforma digital para cerca de 150 mil usuários, com IA, metaverso e gamificação.",InforChannel; Luxortec,,Cobertura_setorial_sobre_modernizacao_da_educacao_corporativa,Altíssimo,Médio,Muito alta,https://inforchannel.com.br/2026/07/02/universidade-corporativa-caixa-adota-sistema-de-educacao-digital-para-150-mil-usuarios/
2026-07-04,2026-07-04,1,Sicoob,Dez_milhoes_de_cooperados_2026,"O Estadão, no portal UOL Economia, reportou em 25/05/2026 que o Sicoob atingiu a marca de 10 milhões de cooperados, avanço de 44% em relação a dezembro de 2025.",UOL; Estadao_Conteudo,,Escala_operacional_e_capilaridade_digital_ampliadas,Altíssimo,Médio,Muito alta,https://economia.uol.com.br/noticias/estadao-conteudo/2026/05/25/cooperativa-sicoob-atinge-marca-de-10-milhoes-de-cooperados.htm
2026-07-04,2026-07-04,1,Sicoob,Resultado_recorde_2025_publicado_2026_07_03,"O Sicoob publicou em 03/07/2026 resultado financeiro recorde de R$ 11,2 bilhões em 2025, com crescimento de 33,3% em relação ao ano anterior.",Ecossistema_proprio,,Resultado_recorde_com_reforco_de_capacidade_de_reinvestimento,Altíssimo,Médio,Muito alta,https://www.sicoob.com.br/web/sicoobnossacoop/noticias/-/asset_publisher/xAioIawpOI5S/content/id/321076437
2026-07-04,2026-07-04,1,Banco Central,Manual_de_Seguranca_Open_Finance_v5_2026,"Contexto sustentado: a Instrução Normativa BCB nº 720, de 02/04/2026, divulgou a versão 5.0 do Manual de Segurança do Open Finance, de observância obrigatória para as instituições participantes.",Open_Finance,,Atualizacao_obrigatoria_de_requisitos_de_seguranca,Altíssimo,Altíssimo,Alta,https://bcb.gov.br/estabilidadefinanceira/exibenormativo?numero=720&tipo=Instru%C3%A7%C3%A3o+Normativa+BCB
2026-07-04,2026-07-04,1,CAIXA,IA_aplicada_ao_suporte_juridico_CPSI_2026,"Contexto sustentado: a CAIXA lançou em 28/01/2026 a 8ª Chamada de Startups para contratar solução de IA aplicada ao suporte jurídico, com CPSI e investimento de até R$ 1,6 milhão.",Startups; Ecossistema_proprio,,Contratacao_inovadora_de_IA_para_area_juridica,Altíssimo,Alto,Alta,https://caixanoticias.caixa.gov.br/Paginas/Not%C3%ADcias/2026/01-JANEIRO/CAIXA-lanca-chamada-de-startups-para-contratar-solucao-em-IA-aplicada-ao-suporte-juridico.aspx
2026-07-04,2026-07-04,1,CAIXA,Modernizacao_do_SINAPI_2026,"O PNCP mantém o Edital CECOT 71/2026 da CAIXA para selecionar soluções de modernização do SINAPI, com trilha pública de contratação inovadora e atualização registrada em 12/05/2026.",PNCP,,Edital_publico_para_modernizacao_de_plataforma_critica,Altíssimo,Alto,Alta,https://pncp.gov.br/app/editais/00360305000104/2026/305
2026-07-04,2026-07-04,1,Sicoob,Reconhecimento_BNDES_2026,"O BNDES mantém o Sicoob entre os destaques de reconhecimento de agentes financeiros, incluindo menção em atendimento ao cliente e desenvolvimento regional.",BNDES,,Reconhecimento_externo_em_credito_e_distribuicao,Alto,Médio,Alta,https://www.bndes.gov.br/wps/portal/site/home/instituicoes-financeiras-credenciadas/reconhecimento-bndes
2026-07-04,2026-07-04,1,Sicoob,Top_7_inovadoras_TI_contexto_sustentado,"Contexto sustentado: o Canal Rural reportou em março de 2026 que o Sicoob alcançou o Top 7 do ranking As 100+ Inovadoras no Uso de TI com o Modo Guardião, solução de segurança contextual contra fraude após roubo ou furto de celular.",Canal_Rural; IT_Forum,,Sinal_estrutural_de_inovacao_em_TI_e_seguranca,Alto,Médio,Alta,https://www.canalrural.com.br/diversos/sicoob-fica-em-7o-lugar-em-ranking-de-inovacao-em-ti-com-ferramenta-de-seguranca-no-aplicativo/
2026-07-03,2026-07-04,2,BRB,Capitalizacao_para_perdas_Master_2026,"A Agência Brasil reportou em 09/06/2026 que o BRB precisa de R$ 8,8 bilhões para fazer frente às perdas relacionadas ao caso Banco Master, mantendo o tema sob escrutínio prudencial e político.",Agencia_Brasil; Banco_Master,,Cobertura_publica_sobre_necessidade_de_capitalizacao,Altíssimo,Altíssimo,Muito alta,https://agenciabrasil.ebc.com.br/politica/noticia/2026-06/brb-precisa-de-r-88-bilhoes-para-fazer-frente-perdas-com-o-master
2026-07-03,2026-07-04,2,BRB,Nota_imprensa_compliance_PCDF_23_06_2026,O BRB informou em 23/06/2026 que a operação deflagrada pela PCDF teve início a partir de notícia-crime encaminhada pelo próprio banco após identificação de irregularidades em movimentações financeiras e indícios de descumprimento de normas de compliance.,PCDF,,Acionamento_institucional_e_resposta_de_compliance,Altíssimo,Altíssimo,Muito alta,https://novo.brb.com.br/releases-imprensa/
2026-07-03,2026-07-03,1,BRB,SP_rebaixa_nota_e_aponta_risco_de_execucao_2026,"A Folha publicou em 05/06/2026 que a S&P rebaixou a nota de crédito do BRB e apontou incerteza crescente sobre o plano de capitalização, com riscos de cronograma, liquidez, funding e reputação.",S&P; Folha,,Pressao_externa_de_rating_e_execucao_do_plano_de_capital,Altíssimo,Altíssimo,Muito alta,https://www1.folha.uol.com.br/amp/mercado/2026/06/sp-rebaixa-nota-de-credito-do-brb-e-cita-incertezas-sobre-capitalizacao.shtml
2026-07-03,2026-07-04,2,Banco Central,Contas_em_moeda_estrangeira_e_regulacao_cambial_2026,"O Banco Central informou em 18/06/2026 que a Resolução BCB 575 ampliou as possibilidades de abertura e movimentação de contas de depósito em moeda estrangeira no país, exigindo adequações operacionais até 01/10/2026.",Ecossistema_regulatorio,,Modernizacao_regulatoria_com_impacto_em_sistemas_e_processos,Altíssimo,Altíssimo,Muito alta,https://www.bcb.gov.br/detalhenoticia/21191/noticia
2026-07-03,2026-07-03,1,Banco Central,Pix_por_aproximacao_sem_teto_fixo_2026,"O Banco Central informou em 19/06/2026 que alterou as regras do Pix por aproximação e retirou o teto fixo de R$ 500, alinhando a jornada às experiências sem redirecionamento do Open Finance a partir de 01/10/2026.",Open_Finance,,Regulacao_operacional_de_pagamentos_digitais,Altíssimo,Alto,Muito alta,https://www.bcb.gov.br/detalhenoticia/21169/noticia
2026-07-03,2026-07-04,2,Banco do Brasil,Boleto_com_Pix_Automatico_2026,"O Banco do Brasil anunciou em 28/04/2026 o boleto com Pix Automático para empresas, permitindo autorização única do pagador, recorrência via QR Code e integração com a API de cobrança do banco.",Ecossistema_proprio,,Nova_solucao_de_pagamentos_recorrentes_com_Pix,Altíssimo,Médio,Muito alta,https://www.bb.com.br/pbb/pagina-inicial/imprensa/n/69086/bb-lanca-boleto-com-pix-automatico-para-empresas
2026-07-03,2026-07-04,2,Banco do Brasil,Capacitacao_IA_generativa_e_agentica_AcademIA_BB_2026,"O Banco do Brasil informou em 08/06/2026 que o AcademIA BB 2026 já engajou mais de 36 mil funcionários, combinando IA generativa e agêntica com curadoria humana, governança e mais de 3 milhões de horas de treinamento acumuladas.",Ecossistema_proprio,,Programa_institucional_de_capacitacao_em_IA,Altíssimo,Alto,Muito alta,https://www.bb.com.br/pbb/pagina-inicial/imprensa/n/69153/
2026-07-03,2026-07-03,1,Banco do Brasil,Celent_Model_Bank_2026_IA_em_escala,"O Banco do Brasil informou em 18/06/2026 que foi eleito Banco do Ano pelo Celent Model Bank, com reconhecimento explícito de uso de inteligência artificial em escala, tecnologia e experiência do cliente.",Celent,,Reconhecimento_global_de_inovacao_financeira_com_foco_em_IA,Altíssimo,Alto,Muito alta,https://www.bb.com.br/pbb/pagina-inicial/imprensa/n/69171/bb-e-eleito-o-banco-do-ano-pelo-celent-model-bank
2026-07-03,2026-07-03,1,CAIXA,Sandbox_CAIXA_Global_Finance_2026,"A CAIXA informou em 15/06/2026 que o Sandbox CAIXA foi reconhecido pela Global Finance entre os melhores laboratórios de inovação financeira do mundo, com apoio da agente generativa Sandy no processo de experimentação.",Global_Finance; Sandy,,Reconhecimento_internacional_do_laboratorio_de_inovacao,Altíssimo,Médio,Muito alta,https://caixanoticias.caixa.gov.br/Paginas/Not%C3%ADcias/2026/06-JUNHO/CAIXA-alcanca-reconhecimento-internacional-com-laboratorio-de-inovacao.aspx
2026-07-03,2026-07-03,1,CAIXA,Universidade_Corporativa_digital_150_mil_usuarios,"A Capital Digital publicou em 26/06/2026 que a Universidade Corporativa Caixa adotou novo sistema digital para cerca de 150 mil usuários, com recursos de inteligência artificial, metaverso e gamificação.",Capital_Digital; Luxortec,,Cobertura_setorial_sobre_modernizacao_da_educacao_corporativa,Altíssimo,Médio,Muito alta,https://capitaldigital.com.br/universidade-corporativa-caixa-adota-novo-sistema-de-educacao-digital-para-150-mil-usuarios/
2026-07-03,2026-07-03,1,Sicoob,Dez_milhoes_de_cooperados_2026,O Sicoob informou em 11/06/2026 que ultrapassou a marca de 10 milhões de cooperados e realizou 18 bilhões de transações no Super App em 2025.,Ecossistema_proprio,,Escala_operacional_e_capilaridade_digital_ampliadas,Altíssimo,Médio,Muito alta,https://www.sicoob.com.br/web/sicoob/noticias/-/asset_publisher/xAioIawpOI5S/content/id/321076598
2026-07-03,2026-07-03,1,Sicoob,Resultado_recorde_2025_publicado_2026_07_03,"O Sicoob publicou em 03/07/2026 resultado financeiro recorde de R$ 11,2 bilhões em 2025, crescimento de 33,3% em relação ao ano anterior.",Ecossistema_proprio,,Resultado_recorde_com_reforco_de_capacidade_de_reinvestimento,Altíssimo,Médio,Muito alta,https://www.sicoob.com.br/web/sicoob/noticias/-/asset_publisher/xAioIawpOI5S/content/id/321076437
2026-07-03,2026-07-03,1,BRB,Governanca_formal_tecnologia_competencias_2026,"A página oficial de competências do BRB, atualizada em junho de 2026, mantém a Diretoria Executiva de Tecnologia responsável por governança de TI e dados, modernização da arquitetura tecnológica, automação bancária e defesa cibernética.",Ecossistema_proprio,,Governanca_formal_de_tecnologia_e_dados,Alto,Alto,Alta,https://novo.brb.com.br/servico-de-informacao-ao-cidadao/institucional-2/competencias/
2026-07-03,2026-07-04,2,Banco Central,Dados_abertos_SPI_atualizacao_diaria_2026,"O portal de Dados Abertos do Banco Central mantém conjunto com atualização diária para disponibilidade, indisponibilidades e dados de Conta PI do SPI, reforçando observabilidade pública de infraestrutura crítica.",SPI; Dados_Abertos_BCB,,Transparencia_operacional_de_infraestrutura_critica,Alto,Alto,Alta,https://dadosabertos.bcb.gov.br/hr/dataset/estatisticas-do-spi-sistema-de-pagamentos-instantaneos
2026-07-03,2026-07-03,1,Banco Central,Manual_de_Seguranca_Open_Finance_v5_2026,"A Instrução Normativa BCB nº 720, de 02/04/2026, divulgou a versão 5.0 do Manual de Segurança do Open Finance, de observância obrigatória para as instituições participantes.",Open_Finance,,Atualizacao_obrigatoria_de_requisitos_de_seguranca,Altíssimo,Altíssimo,Alta,https://bcb.gov.br/estabilidadefinanceira/exibenormativo?numero=720&tipo=Instru%C3%A7%C3%A3o+Normativa+BCB
2026-07-03,2026-07-04,2,Banco do Brasil,IA_pagamentos_agenticos_com_Visa_contexto_sustentado,"Contexto sustentado: BB e Visa realizaram em 11/03/2026 a primeira transação agêntica no Brasil em ambiente de produção controlado, com autenticação, tokenização e monitoramento de risco em tempo real.",Visa,,Parceria_em_pagamentos_agenticos_com_controles_de_seguranca,Altíssimo,Médio,Alta,https://www.visa.com.br/sobre-a-visa/noticias-visa/nova-sala-de-imprensa/bb-visa-primeira-transacao-agentica-brasil.html
2026-07-03,2026-07-03,1,CAIXA,IA_aplicada_ao_suporte_juridico_CPSI_2026,"A CAIXA lançou em 28/01/2026 a 8ª Chamada de Startups CAIXA para contratar solução de IA aplicada ao suporte jurídico, com Contrato Público para Solução Inovadora e investimento de até R$ 1,6 milhão.",Startups; Ecossistema_proprio,,Contratacao_inovadora_de_IA_para_area_juridica,Altíssimo,Alto,Alta,https://caixanoticias.caixa.gov.br/Paginas/Not%C3%ADcias/2026/01-JANEIRO/CAIXA-lanca-chamada-de-startups-para-contratar-solucao-em-IA-aplicada-ao-suporte-juridico.aspx
2026-07-03,2026-07-03,1,CAIXA,Modernizacao_do_SINAPI_2026,"A CAIXA lançou em 19/05/2026 edital público para selecionar até duas soluções inovadoras para modernizar o SINAPI, com contrato público de solução inovadora e possibilidade de contratação de até R$ 3,2 milhões.",Ecossistema_proprio,,Edital_publico_para_modernizacao_de_plataforma_critica,Altíssimo,Alto,Alta,https://caixanoticias.caixa.gov.br/Paginas/Not%C3%ADcias/2026/05-MAIO/CAIXA-lan%C3%A7a-edital-p%C3%BAblico-para-modernizar-o-SINAPI.aspx
2026-07-03,2026-07-03,1,Sicoob,Reconhecimento_BNDES_2026,"O Sicoob informou em 11/06/2026 destaque no reconhecimento anual de agentes financeiros do BNDES, com primeiro lugar em NPS Foco no Cliente e Desenvolvimento Regional Norte, além de reconhecimento em mais três categorias.",BNDES,,Reconhecimento_externo_em_credito_e_distribuicao,Alto,Médio,Alta,https://www.sicoob.com.br/web/sicoob/noticias/-/asset_publisher/xAioIawpOI5S/content/id/321076369
2026-07-03,2026-07-03,1,Sicoob,Top_7_inovadoras_TI_contexto_sustentado,"Contexto sustentado: o Portal do Cooperativismo Financeiro reportou em 26/03/2026 que o Sicoob alcançou o Top 7 do ranking As 100+ Inovadoras no Uso de TI, com destaque para solução de segurança contextual contra fraude após roubo ou furto de celular.",IT_Forum; Portal_do_Cooperativismo_Financeiro,,Sinal_estrutural_de_inovacao_em_TI_e_seguranca,Alto,Médio,Alta,https://cooperativismodecredito.coop.br/2026/03/sicoob-alcanca-top-7-do-ranking-as-100-inovadoras-no-uso-de-ti-em-2026/
2026-07-01,2026-07-02,2,BRB,Capitalizacao_para_perdas_Master_2026,"A Agência Brasil reportou em 9 de junho de 2026 que o BRB precisa de R$ 8,8 bilhões para fazer frente a possíveis perdas relacionadas ao caso Banco Master, mantendo o tema sob escrutínio público e prudencial.",Banco_Master,,Cobertura_publica_sobre_pressao_de_capital_e_perdas,Altíssimo,Altíssimo,Muito alta,https://agenciabrasil.ebc.com.br/politica/noticia/2026-06/brb-precisa-de-r-88-bilhoes-para-fazer-frente-perdas-com-o-master
2026-07-01,2026-07-02,2,BRB,Continuidade_plano_capital_STF_BC_2026,"Em junho de 2026, o Correio Braziliense reportou que o acordo homologado no STF foi apresentado pelo BRB como base para execução do plano de capital já entregue ao Banco Central e para preservação da continuidade operacional do banco.",STF; Banco_Central,,Cobertura_setorial_sobre_continuidade_e_plano_de_capital,Altíssimo,Altíssimo,Muito alta,https://www.correiobraziliense.com.br/cidades-df/2026/06/7435569-acordo-homologado-pelo-stf-mantem-brb-saudavel-afirma-nelson-de-souza.html
2026-07-01,2026-07-02,2,BRB,Nota_imprensa_compliance_PCDF_23_06_2026,"Em 23 de junho de 2026, o BRB informou que a operação da PCDF partiu de notícia-crime encaminhada pelo próprio banco após identificação de irregularidades em movimentações financeiras e indícios de descumprimento de normas de compliance.",PCDF,,Acionamento_institucional_de_compliance_e_controles,Altíssimo,Altíssimo,Muito alta,https://novo.brb.com.br/releases-imprensa/page/5/
2026-07-01,2026-07-02,2,Banco Central,Cyber_Resilience_Forum_2026,"Em abril de 2026, o Banco Central reuniu bancos, provedores de tecnologia e empresas de segurança no BC Cyber Resilience Forum 2026 Provedores Críticos, com foco em riscos de terceiros, proteção de APIs e resiliência operacional do SFN.",Provedores_criticos; Ecossistema_financeiro,,Agenda_publica_de_resiliencia_cibernetica_e_terceiros_criticos,Altíssimo,Altíssimo,Muito alta,https://www.bcb.gov.br/detalhenoticia/21106/noticia
2026-07-01,2026-07-02,2,Banco Central,Manual_de_Seguranca_Open_Finance_v5_2026,"A Instrução Normativa BCB nº 720, de 2 de abril de 2026, divulgou a versão 5.0 do Manual de Segurança do Open Finance, de observância obrigatória para as instituições participantes.",Open_Finance,,Atualizacao_normativa_de_seguranca_para_ecossistema_aberto,Altíssimo,Altíssimo,Muito alta,https://bcb.gov.br/estabilidadefinanceira/exibenormativo?numero=720&tipo=Instru%C3%A7%C3%A3o+Normativa+BCB
2026-07-01,2026-07-02,2,Banco Central,Pix_por_aproximacao_sem_teto_fixo_2026,"Em 19 de junho de 2026, o Banco Central retirou o teto fixo de R$ 500 do Pix por aproximação e alinhou a regra às jornadas sem redirecionamento do Open Finance, com vigência operacional a partir de 1º de outubro de 2026.",Ecossistema_financeiro,,Ajuste_regulatorio_com_impacto_em_pagamentos_e_experiencia_digital,Altíssimo,Altíssimo,Muito alta,https://www.bcb.gov.br/detalhenoticia/21169/noticia
2026-07-01,2026-07-02,2,Banco do Brasil,Boleto_com_Pix_Automatico_2026,"O Banco do Brasil anunciou em 28 de abril de 2026 o boleto com Pix Automático para empresas, permitindo autorização única do pagador, recorrência via QR Code e integração com a API de cobrança do banco.",Ecossistema_proprio,,Nova_solucao_de_pagamentos_recorrentes_com_Pix,Altíssimo,Médio,Muito alta,https://www.bb.com.br/pbb/pagina-inicial/imprensa/n/69086/bb-lanca-boleto-com-pix-automatico-para-empresas
2026-07-01,2026-07-02,2,Banco do Brasil,Capacitacao_IA_generativa_e_agentica_AcademIA_BB_2026,"O Banco do Brasil informou em 8 de junho de 2026 que o AcademIA BB 2026 já engajou mais de 36 mil funcionários, combinando IA generativa e agêntica com curadoria humana, governança e mais de 3 milhões de horas de treinamento acumuladas.",Ecossistema_proprio,,Programa_institucional_de_capacitacao_em_IA,Altíssimo,Alto,Muito alta,https://www.bb.com.br/pbb/pagina-inicial/imprensa/n/69153/
2026-07-01,2026-07-02,2,CAIXA,Sandbox_CAIXA_Global_Finance_2026,"Em 15 de junho de 2026, a CAIXA informou que o Sandbox CAIXA entrou na lista da Global Finance entre os melhores laboratórios de inovação financeira do mundo, com uso de experimentação segura e apoio da agente generativa Sandy.",Global_Finance,,Reconhecimento_internacional_de_laboratorio_de_inovacao,Altíssimo,Médio,Muito alta,https://caixanoticias.caixa.gov.br/Paginas/Not%C3%ADcias/2026/06-JUNHO/CAIXA-alcanca-reconhecimento-internacional-com-laboratorio-de-inovacao.aspx
2026-07-01,2026-07-02,2,Sicoob,Dez_milhoes_de_cooperados_2026,"Em 11 de junho de 2026, o Sicoob informou ter ultrapassado a marca de 10 milhões de cooperados, com 18 bilhões de transações no Super App em 2025, reforçando escala digital e capilaridade física.",Ecossistema_proprio,,Escala_operacional_e_robustez_de_canais,Altíssimo,Médio,Muito alta,https://www.sicoob.com.br/web/sicoob/noticias/-/asset_publisher/xAioIawpOI5S/content/id/321076598
2026-07-01,2026-07-02,2,Sicoob,Resultado_recorde_2025_publicado_2026_07_01,"O Sicoob publicou em 1º de julho de 2026 resultado financeiro recorde de R$ 11,2 bilhões no acumulado de 2025, crescimento de 33,3% em relação ao ano anterior.",Ecossistema_proprio,,Resultado_recorde_com_reforco_de_capacidade_de_investimento,Altíssimo,Médio,Muito alta,https://www.sicoob.com.br/web/sicoob/noticias/-/asset_publisher/xAioIawpOI5S/content/id/321076437
2026-07-01,2026-07-02,2,BRB,Governanca_formal_tecnologia_competencias_2026,"A página oficial de competências do BRB, atualizada em junho de 2026, explicita que a Diretoria Executiva de Tecnologia responde por transformação digital, infraestrutura de TI, governança de dados, automação bancária e defesa cibernética.",Ecossistema_proprio,,Governanca_formal_de_tecnologia_e_ciberseguranca,Alto,Alto,Alta,https://novo.brb.com.br/servico-de-informacao-ao-cidadao/institucional-2/competencias/
2026-07-01,2026-07-02,2,Banco Central,Dados_abertos_SPI_atualizacao_diaria_2026,"O portal de Dados Abertos do Banco Central mantém conjunto com atualização diária para disponibilidade, indisponibilidades e dados de Conta PI do SPI, reforçando transparência operacional de infraestrutura crítica.",SPI; Conta_PI,,Observabilidade_publica_de_infraestrutura_critica,Altíssimo,Alto,Alta,https://dadosabertos.bcb.gov.br/hr/dataset/estatisticas-do-spi-sistema-de-pagamentos-instantaneos
2026-07-01,2026-07-02,2,CAIXA,Inovacao_aberta_e_CPSI_2026,A página institucional de inovação da CAIXA manteve em junho de 2026 a trilha explícita de chamadas de startups e de Contrato Público de Solução Inovadora (CPSI) para testar e validar soluções com potencial de escala no banco.,Ecossistema_proprio,,Esteira_publica_de_inovacao_aberta_e_experimentacao,Alto,Médio,Alta,https://www.caixa.gov.br/sobre-a-caixa/inovacao/Paginas/default.aspx
2026-07-01,2026-07-02,2,CAIXA,Modernizacao_do_SINAPI_2026,"Em 19 de maio de 2026, a CAIXA lançou edital para selecionar até duas soluções para modernizar o SINAPI, com experimentação tecnológica e possibilidade de contratação de até R$ 3,2 milhões.",Ecossistema_proprio,,Chamada_publica_para_modernizacao_de_base_critica,Altíssimo,Médio-alto,Alta,https://caixanoticias.caixa.gov.br/Paginas/Not%C3%ADcias/2026/05-MAIO/CAIXA-lan%C3%A7a-edital-p%C3%BAblico-para-modernizar-o-SINAPI.aspx
2026-07-01,2026-07-02,2,Sicoob,Reconhecimento_BNDES_2026,"O BNDES manteve em 2026 o Sicoob entre os agentes reconhecidos em frentes como Finame 60 anos e +Verde, reforçando tração em crédito, distribuição e relacionamento com cadeias produtivas.",BNDES,,Reconhecimento_externo_em_credito_e_distribuicao,Alto,Médio,Alta,https://www.bndes.gov.br/wps/portal/site/home/instituicoes-financeiras-credenciadas/reconhecimento-bndes
2026-07-01,2026-07-02,2,Sicoob,Top_7_inovadoras_TI_contexto_sustentado,"Contexto sustentado: o Portal do Cooperativismo Financeiro reportou em 26 de março de 2026 que o Sicoob alcançou o Top 7 do ranking As 100+ Inovadoras no Uso de TI, com destaque para solução de segurança contextual contra fraude após roubo ou furto de celular.",IT_Forum; Portal_do_Cooperativismo_Financeiro,,Reconhecimento_externo_de_inovacao_defensiva_em_TI,Altíssimo,Médio,Alta,https://cooperativismodecredito.coop.br/2026/03/sicoob-alcanca-top-7-do-ranking-as-100-inovadoras-no-uso-de-ti-em-2026/
2026-06-30,2026-06-30,1,BRB,Cobranca_publica_de_transparencia_e_capitalizacao_09_06_2026,"A Agência Brasil reportou em 9 de junho de 2026 críticas de senadores à falta de informações oficiais sobre a situação financeira do BRB, com cobrança de transparência sobre balanço e necessidade de provisionamento de R$ 8,8 bilhões.",Agência_Brasil; Senado,,Pressao_regulatoria_politica_e_de_mercado,Altíssimo,Altíssimo,Muito alta,https://agenciabrasil.ebc.com.br/economia/noticia/2026-06/senadores-criticam-falta-de-dados-sobre-socorro-bilionario-ao-brb
2026-06-30,2026-06-30,1,BRB,Corrida_de_liquidez_e_balanco_atrasado_09_06_2026,"A Folha registrou em 9 de junho de 2026 que a presidência do BRB descreveu uma corrida de liquidez agravada pela não divulgação do balanço de 2025, em meio à crise associada ao caso Master.",Folha,,Cobertura_setorial_sobre_pressao_de_liquidez_e_transparencia,Altíssimo,Altíssimo,Muito alta,https://www1.folha.uol.com.br/amp/mercado/2026/06/brb-vive-corrida-de-liquidez-sem-divulgacao-do-balanco-de-2025-diz-presidente.shtml
2026-06-30,2026-06-30,1,BRB,Nota_imprensa_irregularidades_compliance_23_06_2026,"Em 23 de junho de 2026, o BRB informou que a operação da PCDF teve origem em notícia-crime encaminhada pelo próprio banco após identificação de irregularidades em movimentações financeiras e indícios de descumprimento de normas de compliance.",PCDF,,Acionamento_institucional_por_indicios_de_irregularidade,Altíssimo,Altíssimo,Muito alta,https://novo.brb.com.br/releases-imprensa/
2026-06-30,2026-06-30,1,Banco Central,Pix_por_aproximacao_sem_teto_fixo_e_JSR_Open_Finance_2026,"Em 19 de junho de 2026, o Banco Central retirou o teto fixo de R$ 500 do Pix por aproximação e alinhou a regra às jornadas sem redirecionamento do Open Finance, com vigência operacional a partir de 1º de outubro de 2026.",Open_Finance; Pix,,Ajuste_regulatorio_com_impacto_em_pagamentos_e_carteiras_digitais,Altíssimo,Altíssimo,Muito alta,https://www.bcb.gov.br/detalhenoticia/21169/noticia
2026-06-30,2026-06-30,1,CAIXA,Desafio_aberto_SINAPI_0071_2026,"O portal de inovação da CAIXA mantinha em junho de 2026 o desafio aberto 0071/2026 para solução inovadora de disponibilização inteligente dos dados SINAPI, conectado à modernização tecnológica da base de referência da construção civil.",Startups; SINAPI,,Desafio_publico_de_dados_e_modernizacao_setorial,Altíssimo,Alto,Muito alta,https://www.caixa.gov.br/sobre-a-caixa/inovacao/Paginas/default.aspx
2026-06-30,2026-06-30,1,Sicoob,Resultado_recorde_2025_publicado_30_06_2026,"O Sicoob publicou em 30 de junho de 2026 resultado financeiro recorde de R$ 11,2 bilhões em 2025, crescimento de 33,3% sobre o ano anterior, reforçando escala operacional e capacidade de investimento.",Ecossistema_proprio,,Resultado_recorde_com_implicacao_para_escala_e_investimento,Altíssimo,Médio,Muito alta,https://www.sicoob.com.br/web/sicoob/noticias/-/asset_publisher/xAioIawpOI5S/content/id/321076437
2026-06-30,2026-06-30,1,Banco Central,Observabilidade_publica_do_SPI_e_Conta_PI,"O portal de Dados Abertos do Banco Central mantém conjunto com atualização diária para estatísticas do SPI, incluindo disponibilidade, eventos de indisponibilidade e dados ligados à Conta PI, reforçando transparência operacional de infraestrutura crítica.",SPI; Conta_PI,,Observabilidade_publica_de_infraestrutura_critica,Alto,Alto,Alta,https://dadosabertos.bcb.gov.br/hr/dataset/estatisticas-do-spi-sistema-de-pagamentos-instantaneos
2026-06-30,2026-06-30,1,Banco do Brasil,Consulta_mercado_suporte_manutencao_software_2026,"O portal de compras do BB manteve em junho de 2026 o aviso de RFP 2026/004169 para possível contratação de suporte e manutenção de produtos de software, com apresentações previstas para 15 e 16 de junho, sinalizando continuidade da agenda de sustentação tecnológica em escala.",Fornecedores_de_software,,Consulta_ao_mercado_para_sustentacao_de_software,Alto,Médio-alto,Alta,https://bb.com.br/site/compras-contratacao-e-venda-de-imoveis/compras-e-contratacoes/avisos-e-editais/
2026-06-30,2026-06-30,1,CAIXA,Portal_de_inovacao_CPSI_e_validacao_com_startups,"A página institucional de inovação da CAIXA mantém explícito em junho de 2026 o uso de chamadas de startups e de Contratos Públicos de Solução Inovadora para testar e validar soluções, com estimativa de até R$ 1,6 milhão por solução contratada.",Startups,,Esteira_publica_de_inovacao_aberta_via_CPSI,Altíssimo,Alto,Alta,https://www.caixa.gov.br/sobre-a-caixa/inovacao/Paginas/default.aspx
2026-06-30,2026-06-30,1,Sicoob,Crescimento_para_10_milhoes_de_cooperados,"Em 11 de junho de 2026, o Sicoob informou ter ultrapassado 10 milhões de cooperados, ampliando a relevância de canais digitais, capilaridade física e robustez operacional do ecossistema.",Ecossistema_proprio,,Escala_de_base_com_reflexo_em_canais_e_operacao,Altíssimo,Médio,Alta,https://www.sicoob.com.br/web/sicoob/noticias/-/asset_publisher/xAioIawpOI5S/content/id/321076598
2026-06-30,2026-06-30,1,Sicoob,Reconhecimento_BNDES_agentes_financeiros_2026,"O portal Reconhecimento BNDES mantinha em junho de 2026 o Sicoob listado entre agentes reconhecidos em frentes como Finame 60 anos, +Verde e linhas agropecuárias, reforçando tração em crédito e distribuição.",BNDES,,Reconhecimento_publico_em_credito_e_desenvolvimento,Alto,Médio,Alta,https://www.bndes.gov.br/wps/portal/site/home/instituicoes-financeiras-credenciadas/reconhecimento-bndes
2026-06-30,2026-06-30,1,Sicoob,Top_7_no_ranking_100_mais_inovadoras_em_TI_2026_contexto_sustentado,"Contexto sustentado: o Portal do Cooperativismo Financeiro reportou em 26 de março de 2026 que o Sicoob alcançou o Top 7 do ranking As 100+ Inovadoras no Uso de TI, com destaque para o Modo Guardião, solução de segurança contextual e adaptativa contra fraude após roubo ou furto de celular.",IT_Forum; Portal_do_Cooperativismo_Financeiro,,Reconhecimento_externo_por_inovacao_defensiva_em_TI,Altíssimo,Médio-alto,Alta,https://cooperativismodecredito.coop.br/2026/03/sicoob-alcanca-top-7-do-ranking-as-100-inovadoras-no-uso-de-ti-em-2026/
2026-06-29,2026-06-29,1,BRB,Pressao_regulatoria_e_capitalizacao_maio_junho_2026,"Em maio e junho de 2026, a pressão pública sobre capitalização, balanços atrasados e interação com o Banco Central permaneceu alta, com cobertura do Correio Braziliense sobre o risco de não cumprimento do prazo e necessidade de novas medidas de capital.",Banco_Central; FGC; Tesouro_Nacional,,Continuidade_operacional_e_recomposicao_de_capital,Altíssimo,Altíssimo,Muito alta,https://www.correiobraziliense.com.br/cidades-df/2026/05/7422450-corrida-contra-o-tempo-para-salvar-o-brb.html
2026-06-29,2026-06-30,2,Banco do Brasil,Capacitacao_IA_generativa_e_agentica_AcademIA_BB_2026,"O Banco do Brasil informou em 8 de junho de 2026 que o AcademIA BB 2026 já engajou mais de 36 mil funcionários, combinando IA generativa e agêntica com curadoria humana, governança e alinhamento estratégico.",Ecossistema_proprio,,Programa_institucional_de_capacitacao_em_IA,Altíssimo,Alto,Muito alta,https://www.bb.com.br/pbb/pagina-inicial/imprensa/n/69153/
2026-06-29,2026-06-29,1,Banco do Brasil,Model_Bank_of_the_Year_Celent_2026,"A Celent publicou em 11 de junho de 2026 que o Banco do Brasil venceu o Model Bank of the Year 2026, citando as iniciativas EscutAI e OdisseIA como exemplos de uso de IA e analytics alinhados a crescimento, rentabilidade e centralidade no cliente.",Celent,,Reconhecimento_externo_de_maturidade_em_IA_e_analytics,Altíssimo,Médio-alto,Muito alta,https://www.celent.com/en/insights/banco-do-brasil-excellence-in-harnessing-ai-for-differentiated-customer-centricity
2026-06-29,2026-06-29,1,CAIXA,Edital_para_modernizar_o_SINAPI_2026,"Em 19 de maio de 2026, a CAIXA lançou edital para selecionar até duas soluções para modernizar o SINAPI, com fase de experimentação e possibilidade de contratação via CPSI de até R$ 3,2 milhões.",SINAPI; Startups,,Chamada_publica_para_modernizacao_de_sistema_nacional,Altíssimo,Alto,Muito alta,https://caixanoticias.caixa.gov.br/Paginas/Not%C3%ADcias/2026/05-MAIO/CAIXA-lan%C3%A7a-edital-p%C3%BAblico-para-modernizar-o-SINAPI.aspx
2026-06-29,2026-06-29,1,Sicoob,Super_App_premiado_republicado_29_06_2026,"Em 29 de junho de 2026, o Sicoob republicou em seu portal nacional a leitura de fevereiro sobre o reconhecimento do Super App no Prêmio Banking Transformation, destacando cerca de 7,5 milhões de acessos diários, mais de 18 bilhões de transações em 2025 e camadas reforçadas de segurança.",Cantarino_Brasileiro,,Reconhecimento_de_canal_digital_e_escala_transacional,Altíssimo,Médio-alto,Muito alta,https://www.sicoob.com.br/web/sicoob/noticias/-/asset_publisher/xAioIawpOI5S/content/id/318241150
2026-06-29,2026-06-29,1,Banco Central,Observabilidade_publica_do_SPI_e_Conta_PI,"O portal de Dados Abertos do Banco Central mantém conjunto com atualização diária para estatísticas do SPI, incluindo índice de disponibilidade, eventos de indisponibilidade e dados ligados à Conta PI, reforçando observabilidade pública de infraestrutura crítica.",SPI; Conta_PI,,Transparencia_operacional_de_infraestrutura_critica,Altíssimo,Altíssimo,Alta,https://dadosabertos.bcb.gov.br/hr/dataset/estatisticas-do-spi-sistema-de-pagamentos-instantaneos
2026-06-29,2026-06-29,1,Banco do Brasil,Consulta_mercado_suporte_manutencao_software_2026,"O portal de compras do BB manteve em junho de 2026 aviso de RFP com apresentações em 15 e 16 de junho para possível contratação de suporte e manutenção de produtos de software, sinalizando continuidade da agenda de sustentação e governança tecnológica em escala.",Fornecedores_de_software,,Consulta_ao_mercado_para_sustentacao_de_software,Alto,Médio-alto,Alta,https://bb.com.br/site/compras-contratacao-e-venda-de-imoveis/compras-e-contratacoes/avisos-e-editais/
2026-06-29,2026-06-29,1,CAIXA,Portal_de_inovacao_CPSI_e_validacao_com_startups,"A página institucional de inovação da CAIXA mantém explícito em junho de 2026 o uso de chamadas e de Contrato Público de Solução Inovadora para testar e validar soluções com startups, reforçando uma esteira pública de inovação aberta e compras de tecnologia.",Startups,,Esteira_institucional_de_inovacao_aberta_e_validacao,Altíssimo,Médio-alto,Alta,https://www.caixa.gov.br/sobre-a-caixa/inovacao/Paginas/default.aspx
2026-06-29,2026-06-29,1,Sicoob,Crescimento_para_10_milhoes_de_cooperados,"Em 11 de junho de 2026, o Sicoob informou ter ultrapassado 10 milhões de cooperados e vinculou esse crescimento a portfólio robusto, capilaridade física e 18 bilhões de transações do Super App em 2025.",Ecossistema_proprio,,Sinal_de_escala_para_operacao_digital_e_canais,Altíssimo,Médio-alto,Alta,https://www.sicoob.com.br/web/sicoob/noticias/-/asset_publisher/xAioIawpOI5S/content/id/321076598
2026-06-29,2026-06-29,1,Sicoob,Top_7_no_ranking_100_mais_inovadoras_em_TI_2026,"O Portal do Cooperativismo Financeiro reportou em 26 de março de 2026 que o Sicoob alcançou o Top 7 do ranking As 100+ Inovadoras no Uso de TI, com destaque para o Modo Guardião, solução de segurança contextual e adaptativa contra fraude e uso indevido após roubo ou furto de celular.",Portal_do_Cooperativismo_Financeiro; IT_Forum,,Reconhecimento_externo_de_inovacao_em_TI_e_segurança,Altíssimo,Médio-alto,Alta,https://cooperativismodecredito.coop.br/2026/03/sicoob-alcanca-top-7-do-ranking-as-100-inovadoras-no-uso-de-ti-em-2026/
2026-06-28,2026-06-28,1,BRB,Continuidade_e_plano_de_capital_no_STF,"Em junho de 2026, o Correio Braziliense reportou que o acordo homologado no STF foi apresentado pelo BRB como base para a continuidade saudável do banco e para a execução das medidas do plano de capital já entregue ao Banco Central.",STF; Banco_Central,,Continuidade_operacional_e_recomposicao_de_capital,Altíssimo,Altíssimo,Muito alta,https://www.correiobraziliense.com.br/cidades-df/2026/06/7435569-acordo-homologado-pelo-stf-mantem-brb-saudavel-afirma-nelson-de-souza.html
2026-06-28,2026-06-30,3,BRB,Governanca_executiva_de_tecnologia_junho_2026,"A página oficial de competências do BRB, atualizada em junho de 2026, explicita que a Diretoria Executiva de Tecnologia responde por transformação digital, infraestrutura de TI, governança de dados, automação bancária e defesa cibernética.",Ecossistema_proprio,,Governanca_formal_de_tecnologia_e_ciberseguranca,Altíssimo,Alto,Muito alta,https://novo.brb.com.br/servico-de-informacao-ao-cidadao/institucional-2/competencias/
2026-06-28,2026-06-29,2,BRB,Nota_imprensa_irregularidades_compliance_23_06_2026,"Em 23 de junho de 2026, o BRB informou que operação da PCDF teve origem em notícia-crime encaminhada pelo próprio banco após identificação de irregularidades em movimentações financeiras e indícios de descumprimento de normas de compliance.",PCDF,,Acionamento_institucional_de_controles_e_compliance,Altíssimo,Altíssimo,Muito alta,https://novo.brb.com.br/releases-imprensa/
2026-06-28,2026-06-29,2,BRB,Repercussao_legislativa_da_reuniao_com_Banco_Central,"A Câmara Legislativa do DF registrou em maio de 2026 a repercussão pública de reunião com o presidente do Banco Central para discutir a situação do BRB, mantendo a combinação de supervisão regulatória e pressão institucional no radar.",Banco_Central; CLDF,,Pressao_regulatoria_e_politica_sobre_continuidade,Altíssimo,Altíssimo,Muito alta,https://www.cl.df.gov.br/-/reuni%C3%A3o-no-banco-central-para-tratar-da-situa%C3%A7%C3%A3o-do-brb-repercute-na-cldf
2026-06-28,2026-06-30,3,Banco Central,Cyber_Resilience_Forum_2026_Provedores_Criticos,"Em abril de 2026, o Banco Central promoveu o BC Cyber Resilience Forum 2026 Provedores Críticos, reunindo bancos, provedores de tecnologia e empresas de segurança para alinhar riscos de terceiros, proteção de APIs e resiliência operacional do SFN.",Provedores_de_tecnologia; Empresas_de_seguranca; Bancos; Empresas_de_segurança,,Coordenacao_setorial_em_ciberseguranca_e_terceiros_criticos,Altíssimo,Altíssimo,Muito alta,https://www.bcb.gov.br/detalhenoticia/21106/noticia
2026-06-28,2026-06-30,3,Banco Central,Manual_de_Seguranca_do_Open_Finance_v5,"A Instrução Normativa BCB nº 720, de 2 de abril de 2026, divulgou a versão 5.0 do Manual de Segurança do Open Finance, de observância obrigatória pelas instituições participantes.",Instituicoes_participantes_do_Open_Finance; Open_Finance,,Atualizacao_normativa_de_seguranca_obrigatoria,Altíssimo,Altíssimo,Muito alta,https://bcb.gov.br/estabilidadefinanceira/exibenormativo?numero=720&tipo=Instru%C3%A7%C3%A3o+Normativa+BCB
2026-06-28,2026-06-28,1,Banco do Brasil,Capacitacao_IA_generativa_e_agentica_AcademIA_BB_2026,"O Banco do Brasil informou em junho de 2026 que o AcademIA BB 2026 já engajou mais de 36 mil funcionários, combinando IA generativa e agêntica com curadoria humana, governança e alinhamento estratégico.",Ecossistema_proprio,,Programa_institucional_de_capacitacao_em_IA,Altíssimo,Alto,Muito alta,https://www.bb.com.br/pbb/pagina-inicial/imprensa/n/69153/
2026-06-28,2026-07-02,4,Banco do Brasil,Model_Bank_of_the_Year_Celent_2026,"A Celent publicou em 11 de junho de 2026 que o Banco do Brasil venceu o Model Bank of the Year 2026, citando as iniciativas EscutAI e OdisseIA como exemplos de uso de IA e analytics alinhados a crescimento, rentabilidade e centralidade no cliente.",Celent,,Reconhecimento_externo_de_maturidade_em_IA_e_analytics,Altíssimo,Médio-alto,Muito alta,https://www.celent.com/insights/banco-do-brasil-excellence-in-harnessing-ai-for-differentiated-customer-centricity
2026-06-28,2026-06-28,1,CAIXA,Edital_para_modernizar_o_SINAPI_2026,"Em maio de 2026, a CAIXA lançou edital para selecionar até duas soluções para modernizar o SINAPI, com fase de experimentação e possibilidade de contratação via CPSI de até R$ 3,2 milhões.",SINAPI; Startups,,Chamada_publica_para_modernizacao_de_sistema_nacional,Altíssimo,Alto,Muito alta,https://caixanoticias.caixa.gov.br/Paginas/Not%C3%ADcias/2026/05-MAIO/CAIXA-lan%C3%A7a-edital-p%C3%BAblico-para-modernizar-o-SINAPI.aspx
2026-06-28,2026-07-02,5,CAIXA,Universidade_Corporativa_digital_150_mil_usuarios,"A Capital Digital publicou em 26 de junho de 2026 que a Universidade Corporativa Caixa adotou novo sistema digital para cerca de 150 mil usuários, com recursos de inteligência artificial, metaverso e gamificação.",Capital_Digital; Luxortec; Belago,,Cobertura_setorial_sobre_modernizacao_da_educacao_corporativa,Altíssimo,Médio,Muito alta,https://capitaldigital.com.br/universidade-corporativa-caixa-adota-novo-sistema-de-educacao-digital-para-150-mil-usuarios/
2026-06-28,2026-06-28,1,Sicoob,Super_App_premiado_Banking_Transformation_2026,"Na notícia republicada em junho de 2026, o Sicoob destacou que seu Super App foi reconhecido como melhor aplicativo do mercado financeiro, com cases associados a IA, proteção a operações Pix, soluções de segurança para o aplicativo e crédito digital.",Cantarino_Brasileiro,,Reconhecimento_de_canal_digital_e_segurança_aplicada,Altíssimo,Médio-alto,Muito alta,https://www.sicoob.com.br/web/sicooboestecredi/noticias/-/asset_publisher/xAioIawpOI5S/content/id/176718920
2026-06-28,2026-06-28,1,Banco Central,Observabilidade_publica_do_SPI_e_Conta_PI,"O portal de Dados Abertos do Banco Central mantém conjunto com atualização diária para estatísticas do SPI, incluindo índice de disponibilidade, eventos de indisponibilidade e dados ligados à Conta PI, reforçando observabilidade pública de infraestrutura crítica.",SPI; Conta_PI,,Transparencia_operacional_de_infraestrutura_critica,Altíssimo,Altíssimo,Alta,https://dadosabertos.bcb.gov.br/dataset/estatisticas-do-spi-sistema-de-pagamentos-instantaneos
2026-06-28,2026-06-28,1,Banco do Brasil,Consulta_mercado_suporte_manutencao_software_2026,"O portal de compras do BB manteve em junho de 2026 aviso de RFP para possível contratação de suporte e manutenção de produtos de software, sinalizando continuidade da agenda de sustentação e governança tecnológica em escala.",Fornecedores_de_software,,Consulta_ao_mercado_para_sustentacao_de_software,Alto,Médio-alto,Alta,https://bb.com.br/site/compras-contratacao-e-venda-de-imoveis/compras-e-contratacoes/avisos-e-editais/
2026-06-28,2026-07-02,5,Banco do Brasil,IA_pagamentos_agenticos_com_Visa_contexto_sustentado,"Contexto sustentado: BB e Visa realizaram em 11 de março de 2026 a primeira transação agêntica no Brasil em ambiente de produção controlado, com autenticação, tokenização e controles de segurança voltados a pagamentos iniciados por agentes de IA.",Visa,,Parceria_em_pagamentos_agenticos_com_controles_de_seguranca,Altíssimo,Médio,Alta,https://www.visa.com.br/sobre-a-visa/noticias-visa/nova-sala-de-imprensa/bb-visa-primeira-transacao-agentica-brasil.html
2026-06-28,2026-06-28,1,CAIXA,Portal_de_inovacao_CPSI_e_validacao_com_startups,"A página institucional de inovação da CAIXA mantém explícito que o banco usa chamadas e Contrato Público de Solução Inovadora para testar e validar soluções com startups, reforçando uma esteira pública de inovação aberta e compras de tecnologia.",Startups,,Esteira_institucional_de_inovacao_aberta_e_validacao,Altíssimo,Médio-alto,Alta,https://www.caixa.gov.br/sobre-a-caixa/inovacao/Paginas/default.aspx
2026-06-28,2026-06-30,3,CAIXA,Smart_Cities_Park_modernizacao_digital_de_servicos_2026,"Em 10 de junho de 2026, a CAIXA posicionou no Smart Cities Park sua atuação em inovação urbana com trilhas de IA, 5G, GovTech e modernização digital de serviços públicos para gestores municipais.",Smart_Cities_Park; GovTechs; Ecossistema_de_cidades_inteligentes,,Posicionamento_em_inovacao_urbana_e_servicos_digitais,Alto,Médio,Alta,https://caixanoticias.caixa.gov.br/Paginas/Not%C3%ADcias/2026/06-JUNHO/-CAIXA-refor%C3%A7a-compromisso-com-inova%C3%A7%C3%A3o-urbana-no-Smart-Cities-Park-em-Campina-Grande-%28PB%29.aspx
2026-06-28,2026-06-28,1,Sicoob,Crescimento_para_10_milhoes_de_cooperados,"Em maio de 2026, o Sicoob informou ter ultrapassado 10 milhões de cooperados, reforçando a escala nacional do sistema e elevando a relevância operacional de app, canais digitais e arquitetura de atendimento.",Ecossistema_proprio,,Sinal_de_escala_para_operacao_digital_e_canais,Altíssimo,Médio-alto,Alta,https://www.sicoob.com.br/web/sicoob/noticias/-/asset_publisher/xAioIawpOI5S/content/id/321076598
2026-06-28,2026-06-28,1,Sicoob,Top_7_no_ranking_100_mais_inovadoras_em_TI_2026,"A MundoCoop reportou em 6 de abril de 2026 que o Sicoob alcançou o Top 7 do ranking As 100+ Inovadoras no Uso de TI em 2026, com destaque para solução de segurança contra roubos e furtos de celular.",MundoCoop,,Reconhecimento_externo_de_inovacao_em_TI_e_segurança,Altíssimo,Médio-alto,Alta,https://mundocoop.com.br/economia-negocios/sicoob-alcanca-top-7-do-ranking-as-100-inovadoras-no-uso-de-ti-em-2026/
2026-06-27,2026-06-27,1,Banco Central,Cyber_Resilience_Forum_2026_Provedores_Criticos,"Em 29 de abril de 2026, o Banco Central detalhou o BC Cyber Resilience Forum 2026 Provedores Críticos, reunindo bancos, provedores de tecnologia e empresas de segurança para alinhar resiliência operacional, riscos de terceiros, proteção de APIs e monitoramento contínuo do SFN.",Provedores_de_tecnologia; Empresas_de_seguranca; Bancos,,Coordenacao_cibernetica_do_ecossistema_financeiro,Altíssimo,Altíssimo,Muito alta,https://www.bcb.gov.br/detalhenoticia/21106/noticia
2026-06-27,2026-06-27,1,Sicoob,Super_App_premiado_Banking_Transformation_2026,"Na notícia publicada em 27 de junho de 2026, o Sicoob informou que seu Super App foi reconhecido como melhor aplicativo do mercado financeiro no Prêmio Banking Transformation, destacando mais de 300 produtos e serviços, cerca de 85% das transações financeiras dos cooperados e múltiplas camadas de segurança.",Ecossistema_proprio,,Reconhecimento_externo_de_canal_digital_em_escala,Altíssimo,Médio-alto,Muito alta,https://www.sicoob.com.br/web/sicoob/noticias/-/asset_publisher/xAioIawpOI5S/content/id/318241150
2026-06-27,2026-06-27,1,BRB,Reforco_de_capacidade_com_40_analistas_de_TI,"Em nota pública de 07 de novembro de 2025, o BRB informou que convocaria 40 analistas de TI ao longo do primeiro semestre de 2026, vinculando a medida ao fortalecimento da área de tecnologia, modernização, automação e cibersegurança.",Ecossistema_proprio,,Expansao_de_capacidade_interna_de_TI,Alto,Médio-alto,Alta,https://novo.brb.com.br/imprensa/brb-convoca-mais-40-analista-de-ti-no-primeiro-semestre-de-2026/
2026-06-27,2026-06-27,1,CAIXA,Smart_Cities_Park_modernizacao_digital_de_servicos_2026,"Em 10 de junho de 2026, a CAIXA posicionou no Smart Cities Park sua oferta de crédito, inovação, sustentabilidade e modernização digital de serviços públicos, com painéis sobre IA, 5G, GovTech e eficiência energética para gestores municipais.",Smart_Cities_Park; GovTechs,,Presenca_institucional_em_agenda_de_cidades_inteligentes,Alto,Médio-alto,Alta,https://caixanoticias.caixa.gov.br/Paginas/Not%C3%ADcias/2026/06-JUNHO/-CAIXA-refor%C3%A7a-compromisso-com-inova%C3%A7%C3%A3o-urbana-no-Smart-Cities-Park-em-Campina-Grande-%28PB%29.aspx
2026-06-26,2026-06-27,2,BRB,Governanca_executiva_de_Tecnologia_junho_2026,"A página oficial de competências do BRB, atualizada em junho de 2026, explicita que a Diretoria Executiva de Tecnologia responde por transformação digital, infraestrutura de TI, governança de dados, automação bancária e defesa cibernética.",Ecossistema_proprio,,Evidencia_institucional_de_governanca_execucao_e_compras,Altíssimo,Altíssimo,Muito alta,https://novo.brb.com.br/servico-de-informacao-ao-cidadao/institucional-2/competencias/
2026-06-26,2026-06-27,2,BRB,Plano_de_capital_entregue_ao_Banco_Central,"Em 06 de fevereiro de 2026, o BRB informou ter entregue ao Banco Central um plano de capital com ações preventivas de recomposição e foco em sustentabilidade, estabilidade operacional e continuidade institucional.",Banco_Central; GDF,,Governanca_financeira_e_continuidade_operacional,Altíssimo,Altíssimo,Muito alta,https://novo.brb.com.br/imprensa/nota-a-imprensa-06-02-2026/
2026-06-26,2026-06-27,2,BRB,Trilha_decisoria_compras_riscos_e_negocios_digitais,"A página oficial de contatos do BRB mantém, em junho de 2026, os executivos de Tecnologia e Negócios Digitais expostos em comitês de compras, negócios e riscos, sinalizando trilha decisória pública para digital, governança e contratação.",Ecossistema_proprio,,Exposicao_publica_da_governanca_e_dos_comites,Altíssimo,Altíssimo,Muito alta,https://novo.brb.com.br/servico-de-informacao-ao-cidadao/institucional-2/contatos/
2026-06-26,2026-06-27,2,Banco Central,Aprimoramentos_na_Conta_PI_para_liquidacao_segura,"Em 24 de março de 2026, o Banco Central anunciou novas medidas para fortalecer a segurança operacional e o gerenciamento da Conta PI, incluindo limite mínimo de saldo operacional, bloqueio automático e canal alternativo de consulta ao extrato.",Ecossistema_regulatorio,,Gestao_de_liquidez_e_seguranca_da_infraestrutura_Pix,Altíssimo,Altíssimo,Muito alta,https://www.bcb.gov.br/detalhenoticia/21062/nota
2026-06-26,2026-06-26,1,Banco Central,Forum_Pix_2026_agenda_evolutiva_e_MED,"Na 28ª Reunião Plenária do Fórum Pix, em 26 de março de 2026, o Banco Central detalhou prioridades de 2026 para mensagens inapropriadas, evolução do MED, contas-salário no Pix Automático e outras melhorias operacionais do ecossistema.",Ecossistema_regulatorio,,Coordenacao_tecnica_da_agenda_evolutiva_do_Pix,Altíssimo,Altíssimo,Muito alta,https://www.bcb.gov.br/detalhenoticia/21066/noticia
2026-06-26,2026-06-27,2,Banco Central,Novos_requisitos_ciberneticos_para_RSFN_Pix_STR_e_nuvem,"O Banco Central atualizou a política e os requisitos de segurança cibernética das instituições financeiras, reforçando controles para RSFN, Pix, STR, desenvolvimento de sistemas e contratação de processamento e armazenamento em nuvem, com prazo de adequação até 1º de março de 2026.",Ecossistema_regulatorio,,Pressao_regulatoria_sobre_infraestrutura_critica_e_nuvem,Altíssimo,Altíssimo,Muito alta,https://www.bcb.gov.br/detalhenoticia/20979/nota
2026-06-26,2026-06-27,2,Banco Central,PDTI_2026_2029_com_foco_em_infraestrutura_governanca_e_seguranca,"O PDTI 2026-2029 do Banco Central posiciona a TI como instrumento de governança, segurança, privacidade, rastreabilidade de custos, modernização de infraestrutura e arquitetura de nuvem pública para sustentar serviços críticos do SFN e do SPB.",Ecossistema_regulatorio,,Planejamento_estrategico_de_TI_para_servicos_criticos,Altíssimo,Altíssimo,Muito alta,https://www.bcb.gov.br/content/acessoinformacao/pdti_docs/PDTI-2026-2029.pdf
2026-06-26,2026-06-27,2,Banco do Brasil,Gestao_de_endpoint_em_escala_UEM_AEM_DEX_MDM_MAM,"O portal oficial de compras do BB expõe a Pré-Qualificação 2026/0001(9905) para Unified Endpoint Management, Autonomous Endpoint Management, Digital Employee Experience, Mobile Device Management e Mobile Application Management, com escala pública de até 68 mil Linux, 111 mil Windows, 500 macOS, 39 mil Android e 11 mil iOS-iPadOS.",Nao_informado,,Pre_qualificacao_publica_para_gestao_de_endpoint_e_experiencia_digital,Altíssimo,Alto,Muito alta,https://bb.com.br/site/compras-contratacao-e-venda-de-imoveis/compras-e-contratacoes/avisos-e-editais/
2026-06-26,2026-06-27,2,Banco do Brasil,IA_pagamentos_agenticos_com_Visa,"BB e Visa realizaram a primeira transação agêntica no Brasil em ambiente de produção controlado, com autenticação, tokenização e controles de segurança da rede Visa, dando sinal concreto de evolução de IA aplicada a pagamentos.",Visa,,Parceria_tecnologica_para_pagamentos_com_IA,Altíssimo,Alto,Muito alta,https://www.visa.com.br/sobre-a-visa/noticias-visa/nova-sala-de-imprensa/bb-visa-primeira-transacao-agentica-brasil.html
2026-06-26,2026-06-27,2,Banco do Brasil,Premiacao_Celent_Model_Bank_Banco_do_Ano_2026,"A página oficial de imprensa do Banco do Brasil em junho de 2026 destaca que o banco foi eleito Banco do Ano pelo Celent Model Bank, sinal público de reconhecimento externo para uso de IA em escala, tecnologia e experiência do cliente.",Celent,,Reconhecimento_externo_de_maturidade_digital,Altíssimo,Médio-alto,Muito alta,https://www.bb.com.br/pbb/pagina-inicial/imprensa/n/69171/
2026-06-26,2026-06-27,2,CAIXA,Transformacao_digital_TEIA_IA_generativa_e_ciberseguranca,"Na Febraban Tech 2025, a CAIXA posicionou o TEIA como eixo estruturante de transformação digital, com 1,1 mil empregados diretamente envolvidos e menção explícita a IA generativa no monitoramento de transações e à agenda de cibersegurança.",Ecossistema_proprio,,Programa_estruturante_de_transformacao_digital,Altíssimo,Alto,Muito alta,https://caixanoticias.caixa.gov.br/Paginas/Not%C3%ADcias/2025/06-JUNHO/CAIXA-participa-da-Febraban-Tech-2025.aspx
2026-06-26,2026-06-27,2,Sicoob,Politica_institucional_de_seguranca_cibernetica_2026,"A documentação pública do Sicoob sobre política institucional de segurança cibernética, atualizada em abril de 2026 e referenciada com versão de 26/02/2026 em páginas do próprio sistema, reforça SOC centralizado, segmentação de rede, DLP, monitoramento contínuo e controles de identidade e acesso.",Ecossistema_proprio,,Diretriz_institucional_de_ciberseguranca,Altíssimo,Altíssimo,Muito alta,https://www.sicoob.com.br/web/relacaocooperados/publicacoes/-/document_library/LCLbg6wyOAft/view_file/159415398
2026-06-26,2026-06-27,2,Sicoob,Sisbr_IA_generativa_em_escala,"O Sicoob lançou novas soluções com IA generativa e informou disponibilidade do Sisbr IA para mais de 62 mil colaboradores, com uso de RAG e múltiplos modelos para acelerar a transformação digital do sistema cooperativo.",Ecossistema_proprio,,Plataforma_interna_de_IA_para_escala_operacional,Altíssimo,Médio-alto,Muito alta,https://www.sicoob.com.br/web/sicoob/noticias/-/asset_publisher/xAioIawpOI5S/content/id/275173922
2026-06-26,2026-06-26,1,Sicoob,Super_App_premiado_Banking_Transformation_2026,"Em 26 de junho de 2026, o Sicoob informou que seu Super App foi reconhecido como melhor aplicativo do mercado financeiro no Prêmio Banking Transformation, destacando mais de 300 produtos e serviços, cerca de 85% das transações financeiras dos cooperados e múltiplas camadas de segurança.",Ecossistema_proprio,,Reconhecimento_externo_de_canal_digital_em_escala,Altíssimo,Médio-alto,Muito alta,https://www.sicoob.com.br/web/sicoob/noticias/-/asset_publisher/xAioIawpOI5S/content/id/318241150
2026-06-26,2026-06-26,1,BRB,Reforco_de_capacidade_com_40_analistas_de_TI,"Em nota pública de 07 de novembro de 2025, o BRB informou que convocaria 40 analistas de TI ao longo do primeiro semestre de 2026, vinculando a medida ao fortalecimento da área de tecnologia e da transformação digital.",Ecossistema_proprio,,Expansao_de_capacidade_interna_de_TI,Alto,Médio-alto,Alta,https://novo.brb.com.br/imprensa/brb-convoca-mais-40-analista-de-ti-no-primeiro-semestre-de-2026/
2026-06-26,2026-06-26,1,CAIXA,Pagamentos_offline_com_Elo_e_Microsoft,"A solução pública de pagamentos offline apresentada pela CAIXA com Elo e Microsoft segue como contexto sustentado relevante para resiliência operacional, inclusão financeira e operação em regiões remotas e ambientes de baixa conectividade.",Elo; Microsoft,,Parceria_tecnologica_para_pagamentos,Altíssimo,Alto,Alta,https://caixanoticias.caixa.gov.br/Paginas/Not%C3%ADcias/2024/06-JUNHO/No-ultimo-dia-de-Febraban-Tech-2024-CAIXA-apresenta-solucao-inovadora-para-pagamentos-offline.aspx
2026-06-26,2026-06-27,2,Sicoob,Relatorio_de_sustentabilidade_2024_com_maturidade_operacional,"O Relatório de Sustentabilidade 2024 do Sicoob segue como contexto sustentado de investimento em infraestrutura tecnológica, capacitação, proteção de dados, continuidade e resiliência cibernética em escala sistêmica.",Ecossistema_proprio,,Contexto_estrutural_de_maturidade_operacional,Alto,Médio-alto,Alta,https://www.sicoob.com.br/documents/20128/237743090/Relatorio_Sustentabilidade_2024.pdf
2026-06-25,2026-06-25,1,BRB,Governanca_executiva_de_Tecnologia_junho_2026,"A página oficial de competências do BRB, atualizada em junho de 2026, explicita que a Diretoria Executiva de Tecnologia responde por transformação digital, infraestrutura de TI, automação bancária e defesa cibernética.",Ecossistema_proprio,,Evidencia_institucional_de_governanca_execucao_e_compras,Altíssimo,Altíssimo,Muito alta,https://novo.brb.com.br/servico-de-informacao-ao-cidadao/institucional-2/competencias/
2026-06-25,2026-06-25,1,BRB,Trilha_decisoria_de_Tecnologia_e_Negocios_Digitais_junho_2026,"A página oficial de contatos do BRB, também atualizada em junho de 2026, confirma simultaneamente a Diretoria Executiva de Tecnologia, a Diretoria Executiva de Negócios Digitais e a presença de seus executivos em comitês de compras, riscos e negócios, reforçando a governança decisória para tecnologia e canais digitais.",Ecossistema_proprio,,Atualizacao_formal_de_governanca_executiva_e_comites,Altíssimo,Altíssimo,Muito alta,https://novo.brb.com.br/servico-de-informacao-ao-cidadao/institucional-2/contatos/
2026-06-25,2026-06-25,1,Banco Central,Agenda_2026_do_Pix_e_seguranca_continua,"No Fórum Pix de 2026, o Banco Central destacou aperfeiçoamentos contínuos do serviço, incluindo prioridades de segurança, governança operacional e evolução da agenda do ecossistema Pix.",Ecossistema_proprio,,Governanca_evolutiva_de_pagamentos_instantaneos,Altíssimo,Alto,Muito alta,https://www.bcb.gov.br/detalhenoticia/21066/noticia
2026-06-25,2026-06-25,1,Banco Central,Requisitos_ciberneticos_para_RSFN_Pix_STR_e_nuvem,"Segue como contexto regulatório sustentado a atualização, pelo BCB e CMN, da política de segurança cibernética e dos requisitos para RSFN, Pix, STR e contratação de nuvem, com prazo de adequação que alcançou 1 de março de 2026.",CMN,,Atualizacao_regulatoria_de_ciberseguranca_e_nuvem,Altíssimo,Altíssimo,Muito alta,https://www.bcb.gov.br/detalhenoticia/20979/nota
2026-06-25,2026-06-25,1,Banco do Brasil,Gestao_de_endpoint_em_escala_UEM_AEM_DEX_MDM_MAM,"O portal oficial de compras do BB expõe a Pré-Qualificação 2026/0001(9905) para Unified Endpoint Management, Autonomous Endpoint Management, Digital Employee Experience, Mobile Device Management e Mobile Application Management, com escala pública de até 68 mil Linux, 111 mil Windows, 500 macOS, 39 mil Android e 11 mil iOS/iPadOS.",Nao_informado,,Pre_qualificacao_publica_para_gestao_de_endpoint_e_experiencia_digital,Altíssimo,Alto,Muito alta,https://bb.com.br/site/compras-contratacao-e-venda-de-imoveis/compras-e-contratacoes/avisos-e-editais/
2026-06-25,2026-06-27,3,CAIXA,Inovacao_aberta_TEIA_com_Instituto_Caldeira,"No South Summit Brazil 2026, a CAIXA assinou termo de cooperação com o Instituto Caldeira para desenvolver iniciativas de inovação, ciência, tecnologia, empreendedorismo e aproximação com startups, GovTechs e Fintechs via TEIA.",Instituto_Caldeira; GovTechs; Fintechs,,Cooperacao_institucional_para_inovacao_aberta,Altíssimo,Médio-alto,Muito alta,https://caixanoticias.caixa.gov.br/Paginas/Not%C3%ADcias/2026/03-MAR%C3%87O/CAIXA-e-Instituto-Caldeira-assinam-termo-de-cooperacao-no-South-Summit-Brazil-2026-.aspx
2026-06-25,2026-06-25,1,Sicoob,IA_generativa_core_bancario_Sisbr_IA,"O Sicoob lançou novas soluções com IA generativa e expandiu o Sisbr IA e a Pesquisa Inteligente de Normativos para mais de 62 mil colaboradores, com arquitetura de RAG e uso de múltiplos modelos para ganho de eficiência, governança e produtividade.",Llama; DeepSeek; Phi; Mistral,,Plataforma_interna_de_transformacao_digital,Altíssimo,Alto,Muito alta,https://www.sicoob.com.br/web/sicoob/noticias/-/asset_publisher/xAioIawpOI5S/content/id/275173922
2026-06-25,2026-06-25,1,Sicoob,Maturidade_operacional_e_resiliencia_cibernetica,"O Relatório de Sustentabilidade 2024 do Sicoob mantém evidência pública de investimento em infraestrutura tecnológica, capacitação continuada de colaboradores e evolução do projeto sistêmico de riscos e segurança cibernética.",Centro_Cooperativo_Sicoob,,Indicador_institucional_de_maturidade_operacional,Alto,Alto,Alta,https://www.sicoob.com.br/documents/20128/237743090/Relatorio_Sustentabilidade_2024.pdf
2026-06-25,2026-06-25,1,Sicoob,Seguranca_digital_no_SuperApp_e_escala_2026,"O Super App do Sicoob foi reconhecido no Prêmio Banking Transformation e a instituição informou cerca de 7,5 milhões de acessos diários e mais de 18 bilhões de transações de negócio em 2025, sinal de escala operacional e criticidade do canal móvel.",Cantarino_Brasileiro,,Reconhecimento_externo_de_canal_digital_critico,Altíssimo,Médio-alto,Alta,https://www.sicoob.com.br/web/sicoobcentralsp/noticias/-/asset_publisher/xAioIawpOI5S/content/id/318241150
2026-06-24,2026-06-25,2,BRB,Capital_regulatorio_e_continuidade_2026,"Em fevereiro de 2026, o BRB entregou ao Banco Central seu Plano de Capital, com ações preventivas de recomposição em até 180 dias caso haja necessidade, mantendo o banco em temperatura regulatória alta e com foco em continuidade.",Banco_Central; Governo_do_Distrito_Federal,,Resposta_regulatoria_de_capital_e_continuidade,Altíssimo,Altíssimo,Muito alta,https://novo.brb.com.br/imprensa/nota-a-imprensa-06-02-2026/
2026-06-24,2026-06-24,1,BRB,Governanca_executiva_de_Tecnologia_junho_2026,"A página oficial de competências do BRB, atualizada em junho de 2026, explicita que a Diretoria Executiva de Tecnologia responde por governança de TI e dados, modernização da arquitetura, automação bancária, monitoramento operacional e defesa cibernética.",Ecossistema_proprio,,Evidencia_institucional_de_governanca_execucao_e_compras,Altíssimo,Altíssimo,Muito alta,https://novo.brb.com.br/servico-de-informacao-ao-cidadao/institucional-2/competencias/
2026-06-24,2026-06-25,2,BRB,Reforco_estrutura_TIC_2026,"O BRB informou que convocará 40 analistas de TI ao longo do primeiro semestre de 2026 para reforçar projetos de modernização, automação, cibersegurança e ampliação de soluções digitais, sinal claro de expansão de capacidade interna.",Ecossistema_proprio,,Reforco_de_capacidade_interna_de_TI,Altíssimo,Alto,Muito alta,https://novo.brb.com.br/imprensa/brb-convoca-mais-40-analista-de-ti-no-primeiro-semestre-de-2026/
2026-06-24,2026-06-24,1,BRB,Trilha_decisoria_de_Tecnologia_e_Negocios_Digitais_junho_2026,"A página oficial de contatos do BRB, também atualizada em junho de 2026, confirma simultaneamente a Diretoria Executiva de Tecnologia, a Diretoria Executiva de Negócios Digitais e a presença de ambos em comitês de compras, riscos e negócios, reforçando a governança decisória para tecnologia e canais digitais.",Ecossistema_proprio,,Atualizacao_formal_de_governanca_executiva_e_comites,Altíssimo,Altíssimo,Muito alta,https://novo.brb.com.br/servico-de-informacao-ao-cidadao/institucional-2/contatos/
2026-06-24,2026-06-24,1,Banco Central,Agenda_2026_do_Pix_e_seguranca_continua,"No Fórum Pix de 2026, o Banco Central destacou aperfeiçoamentos contínuos do serviço, incluindo prioridades de segurança, governança do campo descricao e evolução da agenda operacional do ecossistema Pix.",Ecossistema_proprio,,Governanca_evolutiva_de_pagamentos_instantaneos,Altíssimo,Alto,Muito alta,https://www.bcb.gov.br/detalhenoticia/21066/noticia
2026-06-24,2026-06-25,2,Banco Central,PDTI_2026_2029_com_governanca_de_IA,"O PDTI 2026-2029 do Banco Central prevê publicar a Política de Governança de IA, consolidar o ecossistema do ChatBC e a arquitetura de agentes de IA, implantar esteira MLOps e aprimorar a governança da informação.",Ecossistema_proprio,,Planejamento_estrategico_de_dados_e_IA,Altíssimo,Alto,Muito alta,https://www.bcb.gov.br/content/acessoinformacao/pdti_docs/PDTI-2026-2029.pdf
2026-06-24,2026-06-24,1,Banco Central,Requisitos_ciberneticos_para_RSFN_Pix_e_nuvem,"Segue como contexto regulatório sustentado a atualização, pelo BCB e CMN, da política de segurança cibernética e dos requisitos para RSFN, Pix, STR e contratação de nuvem, com prazo de adequação que alcançou 1 de março de 2026.",CMN,,Atualizacao_regulatoria_de_ciberseguranca_e_nuvem,Altíssimo,Altíssimo,Muito alta,https://www.bcb.gov.br/detalhenoticia/20979/nota
2026-06-24,2026-06-25,2,Banco Central,Seguranca_operacional_da_Conta_PI_2026,"O Banco Central anunciou em 2026 novas medidas para fortalecer a segurança operacional e o gerenciamento da Conta Pagamentos Instantâneos, componente sensível da infraestrutura do Pix e do SPI.",Ecossistema_proprio,,Aprimoramento_regulatorio_de_infraestrutura_critica,Altíssimo,Altíssimo,Muito alta,https://www.bcb.gov.br/detalhenoticia/21062/nota
2026-06-24,2026-06-27,4,Banco do Brasil,Capacitacao_IA_generativa_e_agentica_AcademIA_BB_2026,"O Banco do Brasil informou em junho de 2026 que o AcademIA BB 2026 já engajou mais de 36 mil funcionários, combinando IA generativa e agêntica com curadoria humana, governança e alinhamento estratégico, sinal de escala interna para adoção estruturada de IA.",Ecossistema_proprio,,Programa_institucional_de_capacitacao_em_IA,Altíssimo,Alto,Muito alta,https://www.bb.com.br/pbb/pagina-inicial/imprensa/n/69153/
2026-06-24,2026-06-25,2,Banco do Brasil,IA_pagamentos_agenticos_com_Visa,"O BB e a Visa realizaram a primeira transação agêntica no Brasil em ambiente de produção controlado, com autenticação, tokenização e controles de segurança da rede Visa, dando sinal concreto de experimentação de IA aplicada a pagamentos.",Visa,,Parceria_tecnologica_para_pagamentos_com_IA,Altíssimo,Alto,Muito alta,https://www.visa.com.br/sobre-a-visa/noticias-visa/nova-sala-de-imprensa/bb-visa-primeira-transacao-agentica-brasil.html
2026-06-24,2026-06-25,2,Banco do Brasil,Mensageria_critica_B2B_com_IBM,"O portal oficial de avisos e editais do BB continua exibindo o AVISO RFP 2026/004169 para possível contratação de suporte e manutenção do IBM Sterling Connect:Direct, evidência pública de sustentação de mensageria crítica e integração segura de arquivos.",IBM,IBM,RFP_publica_de_suporte_e_manutencao_de_plataforma_critica,Altíssimo,Alto,Muito alta,https://bb.com.br/site/compras-contratacao-e-venda-de-imoveis/compras-e-contratacoes/avisos-e-editais/
2026-06-24,2026-06-24,1,Banco do Brasil,NOC_rede_LAN_WLAN_WAN_NAC_2026,"O BB mantém consulta pública de mercado para serviços de NOC contemplando atendimento, monitoração e suporte para rede LAN, WLAN, WAN e NAC, reforçando a leitura de continuidade operacional, observabilidade e sustentação de infraestrutura crítica.",Nao_informado,,Consulta_publica_para_operacao_e_monitoracao_de_rede,Altíssimo,Alto,Muito alta,https://bb.com.br/site/compras-contratacao-e-venda-de-imoveis/compras-e-contratacoes/avisos-e-editais/
2026-06-24,2026-06-24,1,CAIXA,Inovacao_aberta_TEIA_com_Instituto_Caldeira,"No South Summit Brazil 2026, a CAIXA assinou termo de cooperação com o Instituto Caldeira para desenvolver iniciativas de inovação, ciência, tecnologia, empreendedorismo e aproximação com GovTechs e Fintechs via TEIA.",Instituto_Caldeira; GovTechs; Fintechs,,Cooperacao_institucional_para_inovacao_aberta,Altíssimo,Médio-alto,Muito alta,https://caixanoticias.caixa.gov.br/Paginas/Not%C3%ADcias/2026/03-MAR%C3%87O/CAIXA-e-Instituto-Caldeira-assinam-termo-de-cooperacao-no-South-Summit-Brazil-2026-.aspx
2026-06-24,2026-06-27,4,CAIXA,Integracao_judiciaria_SISBAJUD_2026,"A CAIXA firmou acordo com o CNJ para participar do piloto do novo SISBAJUD, plataforma desenvolvida com Banco Central e PGFN, reforçando integração sistêmica, automação de fluxos críticos e segurança jurídica.",CNJ; Banco_Central; PGFN,,Cooperacao_tecnologica_e_integracao_critica,Altíssimo,Alto,Muito alta,https://caixanoticias.caixa.gov.br/Paginas/Not%C3%ADcias/2026/05-MAIO/CAIXA-e-CNJ-fecham-acordo-para-implementar-o-novo-SISBAJUD-.aspx
2026-06-24,2026-06-25,2,CAIXA,Transformacao_digital_TEIA_e_ciberseguranca,"Na Febraban Tech 2025, a CAIXA posicionou o TEIA como eixo de transformação digital, com 1,1 mil empregados diretamente envolvidos, discurso explícito de cibersegurança e uso de IA generativa no monitoramento de transações.",Ecossistema_proprio,,Programa_estruturante_de_transformacao_digital,Altíssimo,Alto,Muito alta,https://caixanoticias.caixa.gov.br/Paginas/Not%C3%ADcias/2025/06-JUNHO/CAIXA-participa-da-Febraban-Tech-2025.aspx
2026-06-24,2026-06-24,1,Sicoob,IA_generativa_core_bancario_Sisbr_IA,"O Sicoob expandiu o Sisbr IA e a Pesquisa Inteligente de Normativos para mais de 62 mil colaboradores, com arquitetura de RAG e uso de múltiplos modelos, elevando a leitura de IA aplicada ao core e à produtividade sistêmica.",Llama; DeepSeek; Phi; Mistral,,Plataforma_interna_de_transformacao_digital,Altíssimo,Alto,Muito alta,https://www.sicoob.com.br/web/sicoobcredicope/noticias/-/asset_publisher/xAioIawpOI5S/content/id/275173922?p_r_p_categoryId=1433079
2026-06-24,2026-06-25,2,Sicoob,Politica_institucional_de_seguranca_cibernetica_2026,"A Política Institucional de Segurança Cibernética do Sicoob, atualizada em 26 de fevereiro de 2026, reforça SOC centralizado, segmentação de rede, DLP homologado, monitoramento contínuo e controles de identidade e acesso.",Centro_Cooperativo_Sicoob,,Politica_institucional_de_seguranca_cibernetica,Altíssimo,Alto,Muito alta,https://www.sicoob.com.br/documents/d/sicoobcrediembrapa/politica-institucional-de-seguranca-cibernetica-pdf
2026-06-24,2026-06-24,1,BRB,Venture_capital_e_inovacao_aberta,"O BRB mantém como contexto sustentado seu fundo próprio de venture capital, com investimento inicial programado de R$ 50 milhões e gestão por KPTL e Bossanova Investimentos para verticais como serviços financeiros, IA, blockchain e administração pública.",KPTL; Bossanova_Investimentos,,Veiculo_de_CVC_e_inovacao_aberta,Alto,Médio-alto,Alta,https://novo.brb.com.br/imprensa/brb-lanca-fundo-proprio-de-venture-capital/
2026-06-24,2026-06-25,2,CAIXA,Pagamentos_offline_com_Elo_e_Microsoft,"A CAIXA mantém como contexto sustentado a solução de pagamentos offline desenvolvida com Elo e Microsoft para regiões remotas e agências-barco, sinal público de resiliência operacional e expansão de meios de pagamento em ambientes de baixa conectividade.",Elo; Microsoft,,Parceria_tecnologica_para_pagamentos,Altíssimo,Alto,Alta,https://caixanoticias.caixa.gov.br/Paginas/Not%C3%ADcias/2024/06-JUNHO/No-ultimo-dia-de-Febraban-Tech-2024-CAIXA-apresenta-solucao-inovadora-para-pagamentos-offline.aspx
2026-06-24,2026-06-24,1,Sicoob,Capacitacao_e_investimento_em_seguranca_privacidade_2025,"O Relatório de Sustentabilidade 2025 do Sicoob informa 78.643 capacitações em segurança da informação e privacidade, 98% de alcance nos treinamentos assíncronos e investimentos de R$ 1,2 milhão em segurança e privacidade e R$ 6,4 milhões em capacitação.",Centro_Cooperativo_Sicoob,,Indicador_institucional_de_maturidade_operacional,Alto,Alto,Alta,https://www.sicoob.com.br/documents/d/relacaocooperados/sumario-executivo-relatorio-de-sustentabilidade-2025
2026-06-24,2026-06-24,1,Sicoob,Seguranca_digital_no_SuperApp_e_escala_2026,"Em 15 de junho de 2026, o Sicoob informou que seu Super App foi reconhecido no Prêmio Banking Transformation e já registra cerca de 7,5 milhões de acessos diários e mais de 18 bilhões de transações de negócio em 2025, sinal de escala operacional e criticidade do canal móvel.",Cantarino_Brasileiro,,Reconhecimento_externo_de_canal_digital_critico,Altíssimo,Médio-alto,Alta,https://www.sicoob.com.br/web/sicoob/noticias/-/asset_publisher/xAioIawpOI5S/content/id/318241150
2026-06-21,2026-06-23,3,Banco do Brasil,NOC_rede_LAN_WLAN_WAN_NAC_2026,"O Banco do Brasil tornou pública, em junho de 2026, audiência com o mercado para contratação de serviços de NOC (Network Operation Center), contemplando atendimento, monitoração e suporte às soluções de rede LAN, WLAN, WAN e NAC, sinal direto de continuidade e sofisticação da agenda de conectividade, observabilidade e operação de infraestrutura crítica.",Não_informado,,Consulta_publica_para_operacao_e_monitoracao_de_rede,Altíssimo,Alto,Muito alta,https://www.bb.com.br/site/compras-contratacao-e-venda-de-imoveis/compras-e-contratacoes/avisos-e-editais/
2026-06-20,2026-06-23,4,Sicoob,SuperApp_escala_digital_e_reconhecimento_2026,"O Sicoob informou oficialmente em 15/06/2026 que seu Super App foi reconhecido no Prêmio Banking Transformation e já registra cerca de 7,5 milhões de acessos diários e mais de 18 bilhões de transações de negócio em 2025, reforçando escala operacional, experiência digital e criticidade do canal móvel.",Cantarino_Brasileiro,,Reconhecimento_externo_de_canal_digital_critico,Altíssimo,Médio-alto,Alta,https://www.sicoob.com.br/web/sicoob/noticias/-/asset_publisher/xAioIawpOI5S/content/id/318241150
2026-06-19,2026-06-23,5,Banco do Brasil,Reconhecimento_global_em_IA_e_analytics_Celent_2026,"O ecossistema publico do Banco do Brasil informou em 12/06/2026 que o banco foi eleito Model Bank of the Year 2026 pela Celent, com destaque para uso avancado de IA, analytics e plataformas como Escutai e OdisseIA para eficiencia operacional e experiencia do cliente.",Celent,,Reconhecimento_externo_de_execucao_em_IA_e_analytics,Alto,Médio,Alta,https://investalk.bb.com.br/noticias/mercado/bbbbas3-e-eleito-o-banco-mais-inovador-do-mundo-por-consultoria-americana
2026-06-16,2026-06-23,8,Banco do Brasil,Capacitacao_IA_generativa_e_agentica_AcademIA_BB_2026,"O Banco do Brasil informou oficialmente o engajamento de mais de 36 mil funcionarios no AcademIA BB 2026, programa de capacitacao em IA generativa e agentica com curadoria humana, governanca e alinhamento estrategico, sinal direto de escala interna para adocao estruturada de IA no banco.",Ecossistema_proprio,,Programa_institucional_de_capacitacao_em_IA,Alto,Médio-alto,Alta,https://www.bb.com.br/pbb/pagina-inicial/imprensa/n/69153/
2026-06-14,2026-06-23,10,BRB,Governanca_executiva_TIC_e_negocios_digitais_junho_2026,"A pagina oficial de contatos do BRB, atualizada em junho de 2026, confirma simultaneamente a Diretoria Executiva de Tecnologia, a Diretoria Executiva de Negocios Digitais e a presenca do executivo de negocios digitais no Comite de Compras e Contratacoes, reforcando governanca, execucao e trilha decisoria para tecnologia e canais digitais.",Ecossistema proprio,,Atualizacao_formal_de_governanca_executiva_e_compras,Altíssimo,Altíssimo,Muito alta,https://novo.brb.com.br/servico-de-informacao-ao-cidadao/institucional-2/contatos/
2026-06-12,2026-06-23,12,BRB,Governanca_e_negocios_digitais_na_alta_administracao,"O BRB anunciou novos executivos para áreas estratégicas, incluindo a Diretoria de Negócios Digitais, com reforço explícito de inovação, transformação digital, meios de pagamento e governança na alta administração do conglomerado.",CAIXA_Pré-Pagos; Elo; Caixa_Crescer,,Reforco_executivo_de_governanca_e_transformacao_digital,Altíssimo,Alto,Muito alta,https://novo.brb.com.br/imprensa/brb-anuncia-novos-executivos-para-areas-estrategicas-e-empresas-do-conglomerado/
2026-06-12,2026-06-23,12,CAIXA,Inovacao_aberta_TEIA_com_Instituto_Caldeira,"A CAIXA assinou termo de cooperação com o Instituto Caldeira no South Summit Brazil 2026 para desenvolver iniciativas de inovação, ciência, tecnologia, empreendedorismo e educação direcionada, com experimentação de soluções e aproximação com startups GovTechs e Fintechs via Programa TEIA.",Instituto_Caldeira; GovTechs; Fintechs,,Cooperacao_institucional_para_inovacao_aberta_e_transformacao_digital,Altíssimo,Médio-alto,Muito alta,https://caixanoticias.caixa.gov.br/Paginas/Not%C3%ADcias/2026/03-MAR%C3%87O/CAIXA-e-Instituto-Caldeira-assinam-termo-de-cooperacao-no-South-Summit-Brazil-2026-.aspx
2026-06-11,2026-06-23,13,Banco do Brasil,Mensageria_critica_B2B_com_IBM,"O Banco do Brasil publicou o AVISO RFP 2026/004169 para possível contratação de suporte e manutenção do IBM Sterling Connect:Direct, sinal oficial de sustentação de mensageria crítica, integração B2B e continuidade operacional em camada sensível de transferência segura de arquivos.",IBM,IBM,RFP_publica_de_suporte_e_manutencao_de_plataforma_critica,Altíssimo,Alto,Muito alta,https://bb.com.br/site/compras-contratacao-e-venda-de-imoveis/compras-e-contratacoes/avisos-e-editais/
2026-06-05,2026-06-23,19,Sicoob,Protecao_contra_golpes_digitais_com_IA,"O Sicoob publicou reforço institucional de suas camadas de proteção contra golpes digitais, com detecção de chamadas em curso, bloqueio de compartilhamento remoto de tela no app, validação transacional com inteligência artificial e uso de User Behaviour Analytics com machine learning no ambiente cibernético.",Centro_Cooperativo_Sicoob,,Evidencia_institucional_de_antifraude_e_IA_cibernetica,Altíssimo,Alto,Muito alta,https://www.sicoob.com.br/web/sicoob/imprensa/-/asset_publisher/rd7ZCcBmhQIS/content/id/165476981
2026-06-03,2026-06-23,21,Sicoob,Politica_institucional_de_seguranca_cibernetica_2026,"A Política Institucional de Segurança Cibernética do Sicoob, atualizada em 26/02/2026, reforça SOC centralizado, segmentação de rede, DLP homologado, monitoramento contínuo de ameaças e controles de identidade e acesso, elevando a densidade pública de governança e operação defensiva do ecossistema.",Centro_Cooperativo_Sicoob,,Politica_institucional_de_seguranca_cibernetica,Altíssimo,Alto,Muito alta,https://www.sicoob.com.br/documents/d/sicoobcrediembrapa/politica-institucional-de-seguranca-cibernetica-pdf
2026-06-03,2026-06-23,21,CAIXA,Economia_digital_e_marcos_regulatorios,"A CAIXA passou a explicitar, em evento oficial de 28/05/2026, sua leitura sobre economia digital, inteligência artificial, plataformas, dados e meios de pagamento, reforçando o papel do hub TEIA e a agenda de inovação pública conectada a regulação e novos modelos de negócio.",Ecossistema_proprio,,Posicionamento_institucional_de_inovacao_e_pagamentos,Alto,Médio-alto,Alta,https://caixanoticias.caixa.gov.br/Paginas/Not%C3%ADcias/2026/05-MAIO/CAIXA-debate-economia-digital-na-primeira-edi%C3%A7%C3%A3o-do-Bras%C3%ADlia-Tech-Summit-.aspx
2026-06-02,2026-06-23,22,Banco do Brasil,Antifraude_e_validacao_digital,"O Banco do Brasil adiciona um sinal público útil de segurança transacional com o Validador de Comprovantes BB, mecanismo oficial para confirmar autenticidade de comprovantes e reduzir fraude em pagamentos e transferências.",Ecossistema_proprio,,Capacidade_publica_de_prevencao_a_fraudes_digitais,Alto,Alto,Alta,https://blog.bb.com.br/validador-comprovantes-bb-seguranca/
2026-06-02,2026-06-23,22,CAIXA,Integracao_judiciaria_SISBAJUD,"A CAIXA firmou acordo com o CNJ para integrar o piloto do novo SISBAJUD, reforçando agenda pública de integração sistêmica com o Judiciário, segurança jurídica, eficiência institucional e modernização de fluxos críticos.",CNJ,,Cooperacao_tecnologica_e_integracao_critica,Alto,Alto,Alta,https://caixanoticias.caixa.gov.br/Paginas/Not%C3%ADcias/2026/05-MAIO/CAIXA-e-CNJ-fecham-acordo-para-implementar-o-novo-SISBAJUD-.aspx
2026-05-31,2026-06-23,24,Sicoob,Investimento_em_seguranca_e_privacidade_2025,"O Relatório de Sustentabilidade 2025 do Sicoob informa investimento de R$ 1,2 milhão em segurança e privacidade e de R$ 6,4 milhões em capacitação, treinamentos e campanhas sobre o tema, reforçando compromisso público com governança operacional para escalar IA e canais digitais.",Centro_Cooperativo_Sicoob,,Investimento_institucional_em_seguranca_privacidade_e_capacitacao,Altíssimo,Alto,Muito alta,https://www.sicoob.com.br/documents/d/relacaocooperados/relatorio-de-sustentabilidade-2025
2026-05-29,2026-06-23,26,BRB,Reforco_estrutura_TIC_2026,"Em comunicado oficial, o BRB informou a convocação de 40 analistas de TI ao longo do primeiro semestre de 2026 para fortalecer a área de tecnologia e sustentar projetos estratégicos de modernização, automação, cibersegurança e ampliação de soluções digitais.",Ecossistema_proprio,,Reforco_de_capacidade_interna_de_TI,Altíssimo,Alto,Muito alta,https://novo.brb.com.br/imprensa/brb-convoca-mais-40-analista-de-ti-no-primeiro-semestre-de-2026/
2026-05-28,2026-06-23,27,BRB,Pagamentos_digitais_mobilidade,"Em página oficial dedicada à operação, o BRB informa que o BRB Mobilidade já movimentou R$ 3,7 bilhões, superou R$ 76 milhões em recargas via Pix e habilitou pagamentos contactless com cartões e carteiras digitais nos validadores, reforçando escala operacional de pagamentos digitais no transporte público.",Mastercard; Visa; Elo,,Escala_operacional_de_pagamentos_digitais_em_mobilidade,Altíssimo,Médio-alto,Alta,https://novo.brb.com.br/imprensa/brb-mobilidade-diversifica-meios-de-pagamento-e-moderniza-atendimento-aos-usuarios/
2026-05-27,2026-05-27,1,BRB,Pagamentos_digitais_mobilidade,"Na página institucional de posicionamento do banco, o BRB destaca a BRB Mobilidade como pilar estratégico de tecnologia e registra recorde histórico em 2025 de 30,5 milhões de embarques pagos diretamente nos validadores com cartões de crédito e débito, reforçando escala operacional de pagamentos digitais no transporte público.",BRB_Mobilidade,,Escala_operacional_de_pagamentos_digitais_em_mobilidade,Alto,Médio-alto,Alta,https://novo.brb.com.br/brbmaisforte/
2026-05-25,2026-06-23,30,Sicoob,Seguranca_inteligente_no_SuperApp,"O mesmo anúncio público das novas soluções de IA generativa do Sicoob informa o Modo Guardião no SuperApp, camada inteligente de segurança que restringe transações fora de redes confiáveis e reforça autenticação para valores mais altos.",Centro_Cooperativo_Sicoob,,Seguranca_digital_aplicada_a_canais_e_autenticacao,Altíssimo,Alto,Muito alta,https://www.sicoob.com.br/web/sicoobcredisales/noticias/-/asset_publisher/xAioIawpOI5S/content/id/275173922
2026-05-23,2026-06-23,32,BRB,Governanca_operacional_de_tecnologia,"A página oficial de competências do BRB, atualizada em maio de 2026, explicita a Diretoria Executiva de Tecnologia com responsabilidade por governança de TI e dados, automação bancária, monitoramento operacional e defesa cibernética, além do peso institucional do Comitê de Compras e Contratações.",Ecossistema_proprio,,Evidencia_institucional_de_governanca_execucao_e_compras,Altíssimo,Altíssimo,Muito alta,https://novo.brb.com.br/servico-de-informacao-ao-cidadao/institucional-2/competencias/
2026-05-22,2026-06-23,33,BRB,Reforco_de_capital_via_CLDF,"O BRB adicionou um novo vetor público de continuidade e governança ao informar que o GDF encaminhou à CLDF projeto de lei para recomposição, reforço e ampliação do patrimônio líquido e do capital social do banco.",Governo_do_Distrito_Federal; CLDF,,Resposta_regulatoria_de_capitalizacao,Altíssimo,Altíssimo,Muito alta,https://novo.brb.com.br/imprensa/gdf-encaminha-projeto-de-lei-a-camara-legislativa-com-objetivo-de-reforcar-capital-do-brb/
2026-05-22,2026-06-23,33,Sicoob,Capacitacao_em_seguranca_e_privacidade,"O Relatório de Sustentabilidade 2025 do Sicoob informa 78.643 capacitações em segurança da informação e privacidade em 2025, além de 98% de alcance nos treinamentos assíncronos da trilha de proteção das informações, reforçando maturidade operacional para escalar IA e canais digitais com governança.",Centro_Cooperativo_Sicoob,,Indicador_institucional_de_maturidade_operacional,Alto,Alto,Alta,https://www.sicoob.com.br/documents/d/relacaocooperados/relatorio-de-sustentabilidade-2025
2026-05-21,2026-06-23,34,BRB,Capital_regulatorio_e_continuidade,"O BRB entregou ao Banco Central seu Plano de Capital, com ações preventivas de recomposição a serem executadas em até 180 dias caso se confirme necessidade de aporte.",Banco_Central; Governo_do_Distrito_Federal,,Resposta_regulatoria_de_capital_e_continuidade,Altíssimo,Altíssimo,Muito alta,https://novo.brb.com.br/imprensa/nota-a-imprensa-06-02-2026/
2026-05-21,2026-06-23,34,BRB,Governanca_compliance_controle,"O BRB informou a entrega à Polícia Federal e ao Banco Central da primeira etapa do relatório preliminar da investigação independente conduzida com Machado Meyer e suporte técnico da Kroll, mantendo o banco no topo do calor regulatório.",Machado_Meyer_Advogados; Kroll; Banco_Central; Policia_Federal,,Resposta_regulatoria_e_de_governanca,Altíssimo,Altíssimo,Muito alta,https://novo.brb.com.br/imprensa/nota-a-imprensa-03-02-2026/
2026-05-21,2026-06-23,34,BRB,Venture_capital_e_inovacao,"O BRB lançou fundo próprio de venture capital para investir em startups de serviços financeiros, IA, blockchain e administração pública, com gestão da KPTL e Bossanova Investimentos, reforçando o banco como plataforma de inovação aberta.",KPTL; Bossanova_Investimentos,,Veiculo_de_CVC_e_inovacao_aberta,Altíssimo,Alto,Muito alta,https://novo.brb.com.br/imprensa/brb-lanca-fundo-proprio-de-venture-capital/
2026-05-21,2026-06-23,34,Banco do Brasil,Conectividade_SD-WAN,"O Banco do Brasil mantém um dos sinais mais concretos de conectividade do radar com a modernização da rede de agências em parceria com a Claro e tecnologia Huawei, cobrindo milhares de unidades e reforçando resiliência operacional de borda.",Claro; Huawei,Huawei,Modernizacao_de_rede_e_conectividade,Altíssimo,Alto,Muito alta,https://dplnews.com/claro-implanta-nova-rede-de-conectividade-nas-agencias-do-banco-do-brasil/
2026-05-21,2026-06-23,34,Banco do Brasil,IA_pagamentos_agenticos,"O BB realizou com a Visa a primeira transação agêntica no Brasil em ambiente de produção controlado, com autenticação, tokenização e controles de segurança apoiados pela infraestrutura da Visa.",Visa,,Piloto_de_inovacao_transacional,Altíssimo,Alto,Muito alta,https://www.visa.com.br/sobre-a-visa/noticias-visa/nova-sala-de-imprensa/bb-visa-primeira-transacao-agentica-brasil.html
2026-05-21,2026-06-23,34,Banco do Brasil,Seguranca_SSE_e_Zero_Trust,"O BB expõe RFP pública para contratação de solução de Security Service Edge com SWG, ZTNA e CASB por 36 meses, prorrogáveis até 60 meses, sinal direto de agenda de segurança, acesso seguro e governança de tráfego em nuvem.",Não_informado,,RFP_publica_de_seguranca_e_zero_trust,Altíssimo,Alto,Muito alta,https://www.bb.com.br/docs/portal/disec/NovoTR-SSE-RFP-02.pdf
2026-05-21,2026-06-23,34,CAIXA,IA_juridico,"A CAIXA lançou chamada pública para contratar solução de IA aplicada ao suporte jurídico, com foco em análise documental, identificação de inconsistências, indícios de fraude e padronização de processos.",Startups,,Chamada_publica_para_contratacao_inovadora,Altíssimo,Alto,Muito alta,https://caixanoticias.caixa.gov.br/Paginas/Not%C3%ADcias/2026/01-JANEIRO/CAIXA-lanca-chamada-de-startups-para-contratar-solucao-em-IA-aplicada-ao-suporte-juridico.aspx
2026-05-21,2026-06-23,34,CAIXA,Pagamentos_offline,"A CAIXA mantém sinal forte em inclusão e resiliência operacional com a solução de pagamentos offline para benefícios em regiões remotas, em parceria com Elo e Microsoft e com uso previsto em agências-barco.",Elo; Microsoft,,Parceria_tecnologica_para_pagamentos,Altíssimo,Alto,Muito alta,https://caixanoticias.caixa.gov.br/Paginas/Not%C3%ADcias/2024/06-JUNHO/No-ultimo-dia-de-Febraban-Tech-2024-CAIXA-apresenta-solucao-inovadora-para-pagamentos-offline.aspx
2026-05-21,2026-06-23,34,CAIXA,Transformacao_digital_TEIA,"Na Febraban Tech 2025, a CAIXA posicionou o programa TEIA como eixo da transformação digital do banco, com 1,1 mil empregados diretamente envolvidos e discurso explícito de cibersegurança e IA no monitoramento de transações.",Ecossistema_proprio,,Programa_estruturante_de_transformacao_digital,Altíssimo,Alto,Muito alta,https://caixanoticias.caixa.gov.br/Paginas/Not%C3%ADcias/2025/06-JUNHO/CAIXA-participa-da-Febraban-Tech-2025.aspx
2026-05-21,2026-06-23,34,Sicoob,IA_generativa_core_bancario,"O Sicoob expandiu sua transformação digital com o Sisbr IA e a Pesquisa Inteligente de Normativos para mais de 62 mil colaboradores, com uso de RAG e escolha entre múltiplos modelos de IA integrados ao core bancário.",Llama; DeepSeek; Phi; Mistral,,Plataforma_interna_de_transformacao_digital,Altíssimo,Alto,Muito alta,https://www.sicoob.com.br/web/sicoobcredicope/noticias/-/asset_publisher/xAioIawpOI5S/content/id/275173922?p_r_p_categoryId=1433079
2026-05-21,2026-06-23,34,BRB,Pagamentos_digitais_BRBPAY,"O BRB lançou o portal BRBPAY para parcelamento online de débitos, tributos e contas, com abrangência nacional, parcelamento em até 24 vezes e discurso explícito de segurança e criptografia.",BRBPAY,,Lancamento_de_plataforma_digital_de_pagamentos,Alto,Médio-alto,Alta,https://novo.brb.com.br/imprensa/brb-lanca-portal-para-parcelamento-de-debitos-tributos-e-contas/
2026-05-21,2026-06-23,34,Banco do Brasil,Seguranca_digital_por_design,"O Radar de Tendências Tecnológicas do BB reforça publicamente a tese de segurança digital desde o design, com IA aplicada ao desenvolvimento, arquiteturas resilientes e monitoramento contínuo como parte estrutural do ciclo de software.",Ecossistema_proprio,,Evidencia_institucional_de_secure_by_design,Alto,Alto,Alta,https://www.bb.com.br/site/tendencias/
2026-05-21,2026-06-23,34,CAIXA,Capacitacao_IA_com_Microsoft,"A CAIXA lançou, com a DIO e a Microsoft, o Bootcamp Inteligência Artificial na Prática, ampliando o vetor público de capacitação, IA generativa e formação de ecossistema.",DIO; Microsoft,,Parceria_de_capacitacao_e_ecossistema_IA,Alto,Médio-alto,Alta,https://caixanoticias.caixa.gov.br/Paginas/Not%C3%ADcias/2025/11-NOVEMBRO/CAIXA-lanca-Bootcamp-focado-em-IA-para-estudantes-que-querem-transformar-o-futuro.aspx
2026-05-21,2026-06-23,34,Sicoob,Governanca_IA_e_seguranca,"O Sicoob destacou que suas soluções de IA generativa rodam em ambiente seguro e controlado, sem compartilhamento de dados com terceiros, sob gestão exclusiva do CCS e com aderência à LGPD.",Centro_Cooperativo_Sicoob,,Governanca_de_IA_e_protecao_de_dados,Altíssimo,Alto,Alta,https://www.sicoob.com.br/web/sicoobcredicope/noticias/-/asset_publisher/xAioIawpOI5S/content/id/275173922?p_r_p_categoryId=1433079
2026-05-18,2026-05-18,1,BRB,Capital_regulatorio_e_continuidade,"O BRB informou que entregou ao Banco Central seu Plano de Capital, com ações preventivas de recomposição de capital em até 180 dias caso se confirme necessidade de aporte, reforçando continuidade operacional e comunicação regulatória.",Banco Central; Governo do Distrito Federal,,Resposta_regulatória_de_capital_e_continuidade,Altíssimo,Altíssimo,Muito alta,https://novo.brb.com.br/imprensa/nota-a-imprensa-06-02-2026/
2026-05-18,2026-05-18,1,BRB,Governanca_compliance_controle,"O BRB informou que entregou à Polícia Federal e ao Banco Central a primeira etapa do relatório preliminar de investigação independente conduzida com o escritório Machado Meyer e suporte técnico da Kroll, reforçando pressão por governança, controles e resposta institucional.",Machado Meyer Advogados; Kroll; Banco Central; Polícia Federal,,Resposta_regulatória_e_de_governança,Altíssimo,Altíssimo,Muito alta,https://novo.brb.com.br/imprensa/nota-a-imprensa-03-02-2026/
2026-05-18,2026-05-18,1,Banco do Brasil,Compras_TI_IP-SIP_e_suporte,"A página pública de Avisos e Editais do BB segue como sinal muito acionável de compras ao expor RFP para solução integrada baseada em IP/SIP, mesa financeira, terminais, conectores, gravação de voz, monitoração e suporte por 60 meses.",Não_informado,,Pipeline_público_de_compras_TI,Altíssimo,Alto,Muito alta,https://bb.com.br/site/compras-contratacao-e-venda-de-imoveis/compras-e-contratacoes/avisos-e-editais
2026-05-18,2026-05-18,1,Banco do Brasil,Conectividade_SD-WAN,"O Banco do Brasil informou avanço da modernização de conectividade em 93% de suas quase 5 mil agências, com dois links e dois roteadores por unidade, implementação da Claro e tecnologia Huawei, além de expectativa de conclusão no 1º trimestre de 2026.",Claro; Huawei,Huawei,Contratação_modernização_de_rede,Altíssimo,Alto,Muito alta,https://dplnews.com/claro-implanta-nova-rede-de-conectividade-nas-agencias-do-banco-do-brasil/
2026-05-18,2026-05-18,1,Banco do Brasil,IA_pagamentos_agenticos,"O BB realizou com a Visa a primeira transação agêntica no Brasil em ambiente de produção controlado, com autenticação, tokenização e controles de segurança suportados pela infraestrutura da Visa.",Visa,,Piloto_inovação_transacional,Altíssimo,Alto,Muito alta,https://www.visa.com.br/sobre-a-visa/noticias-visa/nova-sala-de-imprensa/bb-visa-primeira-transacao-agentica-brasil.html
2026-05-18,2026-05-18,1,CAIXA,IA_juridico,"A CAIXA mantém a chamada pública para contratação de solução de IA aplicada ao suporte jurídico, com foco em análise documental, inconsistências e indícios de fraude.",Startups,,Chamada_pública_contratação_inovadora,Alto,Alto,Muito alta,https://caixanoticias.caixa.gov.br/Paginas/Not%C3%ADcias/2026/01-JANEIRO/CAIXA-lanca-chamada-de-startups-para-contratar-solucao-em-IA-aplicada-ao-suporte-juridico.aspx
2026-05-18,2026-05-18,1,Sicoob,IA_generativa_core_bancario,"O Sicoob expandiu sua transformação digital com o Sisbr IA e a Pesquisa Inteligente de Normativos para mais de 62 mil colaboradores, com RAG, integração ao core bancário e escolha entre múltiplos modelos de IA.",Llama; DeepSeek; Phi; Mistral,,Plataforma_interna_transformação_digital,Altíssimo,Alto,Muito alta,https://www.sicoob.com.br/web/sicoobnortemt/noticias/-/asset_publisher/xAioIawpOI5S/content/id/275173922
2026-05-18,2026-05-18,1,BRB,Capilaridade_com_Tecban,O BRB mantém sinal operacional relevante com a Tecban na instalação de terminais Banco24Horas compactos para ampliar capilaridade e acesso bancário em novas praças.,Tecban,,Parceria_operacional,Alto,Médio,Alta,https://www.tecban.com.br/noticia/em-parceria-com-a-tecban-brb-leva-inclusao-financeira-e-acesso-bancario-a
2026-05-18,2026-05-18,1,BRB,Pagamentos_digitais_BRBPAY,"O BRB lançou o portal BRBPAY para parcelamento online de débitos, tributos e contas, com alcance nacional, parcelamento em até 24 vezes e discurso explícito de segurança e criptografia.",BRBPAY,,Lançamento_de_plataforma_digital_de_pagamentos,Alto,Médio-alto,Alta,https://novo.brb.com.br/imprensa/brb-lanca-portal-para-parcelamento-de-debitos-tributos-e-contas/
2026-05-18,2026-05-18,1,BRB,Reforco_do_time_de_TI,"O BRB anunciou a convocação de 40 analistas de TI ao longo do primeiro semestre de 2026 para reforçar projetos de modernização, automação de processos, cibersegurança e ampliação de soluções digitais.",Ecossistema_próprio,,Expansão_de_capacidade_interna_de_TI,Alto,Médio-alto,Alta,https://novo.brb.com.br/imprensa/brb-convoca-mais-40-analista-de-ti-no-primeiro-semestre-de-2026/
2026-05-18,2026-05-18,1,Banco do Brasil,Seguranca_digital_por_design,"O Radar de Tendências Tecnológicas do BB reforçou publicamente a tese de segurança digital desde o design, com IA aplicada ao desenvolvimento, arquiteturas resilientes e monitoramento contínuo como parte estrutural da construção de sistemas.",Ecossistema_próprio,,Evidência_institucional_de_prioridade_em_secure_by_design,Alto,Alto,Alta,https://radar.apps.bb.com.br/blogrtt/seguranca-digital-desde-o-comeco-como-o-design-esta-mudando-o-desenvolvimento-de-sistemas/99001
2026-05-18,2026-05-18,1,CAIXA,Capacitacao_IA_com_Microsoft,"A CAIXA lançou, com a DIO e a Microsoft, o Bootcamp Inteligência Artificial na Prática, com trilhas em IA generativa, automação e ferramentas digitais, meta de 50 mil estudantes e conexão explícita entre inclusão tecnológica e empregabilidade.",DIO; Microsoft,,Parceria_de_capacitacao_e_ecossistema_IA,Alto,Médio-alto,Alta,https://caixanoticias.caixa.gov.br/Paginas/Not%C3%ADcias/2025/11-NOVEMBRO/CAIXA-lanca-Bootcamp-focado-em-IA-para-estudantes-que-querem-transformar-o-futuro.aspx
2026-05-18,2026-05-18,1,Sicoob,Governanca_IA_e_segurança,"O Sicoob destacou que suas soluções de IA generativa rodam em ambiente seguro e controlado, sem compartilhamento de dados com terceiros, com gestão exclusiva do CCS e aderência à LGPD.",Centro Cooperativo Sicoob,,Governança_de_IA_e_controles_transacionais,Alto,Alto,Alta,https://www.sicoob.com.br/web/sicoobnortemt/noticias/-/asset_publisher/xAioIawpOI5S/content/id/275173922
2026-05-16,2026-05-17,2,CAIXA,Ciberseguranca_e_IA_generativa_Febraban_Tech,"Na abertura da Febraban Tech 2025, a CAIXA declarou publicamente que vem investindo fortemente em cibersegurança e que já utiliza IA generativa no monitoramento de transações para blindar o sistema e proteger clientes, reforçando maturidade operacional em segurança, detecção e transformação digital em escala.",Febraban Tech,,Declaração_institucional_de_prioridade_em_cibersegurança_e_IA,Altíssimo,Alto,Muito alta,https://caixanoticias.caixa.gov.br/Paginas/Not%C3%ADcias/2025/06-JUNHO/CAIXA-participa-da-Febraban-Tech-2025.aspx
2026-05-16,2026-05-17,2,Sicoob,DeepSeek_R1_em_documentos_internos,"O Sicoob informou oficialmente a adoção do modelo DeepSeek-R1 na funcionalidade de Interação com Documentos do Sisbr, para análise segura e confidencial de documentos internos, com ganho estimado de cerca de duas horas de trabalho para os colaboradores e reforço da estratégia de arquitetura multi-LLM governada.",DeepSeek; Sisbr,,Adoção_oficial_de_IA_generativa_em_fluxo_interno,Altíssimo,Alto,Muito alta,https://www.sicoob.com.br/web/sicoobcoopjustica/imprensa/-/asset_publisher/rd7ZCcBmhQIS/content/id/247097772
2026-05-14,2026-05-17,4,Sicoob,LLM_open_source_ambiente_corporativo_seguro,"Em conferência global do cooperativismo financeiro, o Sicoob expôs publicamente sua experiência de uso de LLMs open source como Llama, Mistral, Phi 4 e DeepSeek em ambiente corporativo grande e seguro, integrada à plataforma de negócios, reforçando maturidade prática em IA com governança.",Llama; Mistral; Phi 4; DeepSeek; WOCCU,,Evidência_pública_de_arquitetura_e_governança_de_IA,Altíssimo,Alto,Muito alta,https://www.sicoob.com.br/web/sicooboestecredi/noticias/-/asset_publisher/xAioIawpOI5S/content/id/282563306
2026-05-14,2026-05-17,4,Banco do Brasil,Risco_digital_desinformacao_e_deepfakes,"O radar técnico oficial do Banco do Brasil passou a destacar o risco operacional e reputacional de desinformação e deepfakes, reforçando a necessidade de capacidades de verificação, defesa de identidade e proteção da confiança digital como parte da agenda de segurança.",Ecossistema_próprio,,Evidência_institucional_de_prioridade_em_segurança_digital,Alto,Alto,Alta,https://radar.apps.bb.com.br/blogrtt/o-impacto-da-desinformacao-reflexoes-a-partir-de-bill-gates/12001
2026-05-13,2026-05-17,5,CAIXA,Inclusao_digital_e_CAIXA_Tem,"A CAIXA reforçou em publicação institucional seu protagonismo digital no acesso a direitos, destacando mais de 23 milhões de pagamentos mensais de programas sociais em formato digital via CAIXA Tem e expansão da presença em regiões remotas, consolidando sinal de escala transacional, canais digitais e inclusão tecnológica.",CAIXA Tem,,Evidencia_institucional_de_escala_digital,Altíssimo,Alto,Muito alta,https://caixanoticias.caixa.gov.br/Paginas/Not%C3%ADcias/2025/05-MAIO/CAIXA-promove-inclusao-tecnologica-e-reforca-protagonismo-digital-no-acesso-a-direitos.aspx
2026-05-10,2026-05-17,8,BRB,Capital_regulatorio_reforco_acionista,"Na página oficial de imprensa, o BRB passou a destacar que o Governo do Distrito Federal encaminhou projeto de lei à CLDF para autorizar aporte de capital no banco, reforçando que a agenda de capital, continuidade operacional e resposta regulatória segue aberta e sensível.",Governo do Distrito Federal; CLDF,,Resposta_regulatória_e_reforço_de_capital,Altíssimo,Altíssimo,Muito alta,https://novo.brb.com.br/imprensa/gdf-encaminha-projeto-de-lei-a-camara-legislativa-com-objetivo-de-reforcar-capital-do-brb/
2026-05-10,2026-05-17,8,BRB,Capital_regulatorio_suficiencia_patrimonial,"Em nota oficial de 19/01/2026, o BRB reafirmou suficiência patrimonial, operação normal e ausência de risco de intervenção, ao mesmo tempo em que explicitou apurações em curso com Banco Central, Machado Meyer e Kroll, plano de recomposição de capital e estudo para venda de ativos recuperados junto ao Banco Master.",Banco Central; Machado Meyer Advogados; Kroll; Banco Master; Governo do Distrito Federal,,Resposta_regulatória_capital_e_governança,Altíssimo,Altíssimo,Muito alta,https://novo.brb.com.br/imprensa/nota-a-imprensa-19-01-2026/
2026-05-10,2026-05-17,8,Banco do Brasil,Compras_TI_IP-SIP_e_suporte,"A página pública de Avisos e Editais do BB segue como um dos sinais mais acionáveis do radar ao expor RFP prorrogada até 12/02/2026 para possível contratação de solução integrada baseada em IP/SIP, composta por mesa financeira, terminais, conectores, sistema de gestão de atendimento, gravação de voz, monitoração e serviços adicionais com suporte e manutenção por 60 meses.",Não_informado,,Pipeline_público_de_compras_TI,Altíssimo,Alto,Muito alta,https://bb.com.br/site/compras-contratacao-e-venda-de-imoveis/compras-e-contratacoes/avisos-e-editais/
2026-05-09,2026-05-09,1,BRB,Capital_regulatorio_reforco_acionista,"Na página oficial de imprensa, o BRB passou a destacar que o Governo do Distrito Federal encaminhou projeto de lei à CLDF para autorizar aporte de capital no banco, reforçando que a agenda de capital, continuidade operacional e resposta regulatória segue aberta e sensível.",Governo do Distrito Federal; CLDF,,Resposta_regulatória_e_reforço_de_capital,Altíssimo,Altíssimo,Muito alta,https://novo.brb.com.br/releases-imprensa/
2026-05-09,2026-05-17,9,CAIXA,GovTech_TEIA_setor_publico,"A CAIXA reforçou publicamente a agenda de transformação digital para o setor público ao levar o hub TEIA CAIXA ao Smart City Expo Curitiba 2026, posicionando a plataforma como ambiente de conexão, experimentação e geração de soluções GovTech em cidades inteligentes, serviços públicos digitais, uso estratégico de dados e infraestrutura.",TEIA CAIXA; Startups,,Plataforma_própria_de_inovação_e_codesenvolvimento,Alto,Alto,Alta,https://caixanoticias.caixa.gov.br/Paginas/Not%C3%ADcias/2026/03-MAR%C3%87O/CAIXA-oferece-solu%C3%A7%C3%B5es-para-o-setor-p%C3%BAblico-no-Smart-City-Expo-Curitiba-2026-.aspx
2026-05-07,2026-05-17,11,Sicoob,Seguranca_digital_superapp,"No mesmo ciclo de IA generativa, o Sicoob destacou ambiente seguro e controlado, processamento em nuvem sob gestão exclusiva do CCS, aderência à LGPD, moderação ativa e o Modo Guardião no SuperApp como camada adicional de segurança transacional.",Ecossistema_próprio,,Governança_de_IA_e_controles_transacionais,Alto,Alto,Alta,https://www.sicoob.com.br/web/sicoob/noticias/-/asset_publisher/xAioIawpOI5S/content/id/275173922
2026-05-06,2026-05-17,12,BRB,Capital_regulatorio_e_continuidade,"Em nova nota oficial, o BRB informou que entregou ao Banco Central seu Plano de Capital, com ações preventivas de recomposição em até 180 dias, caso se confirme necessidade de aporte, reforçando a centralidade de capital, continuidade operacional e comunicação regulatória.",Banco Central; Governo do Distrito Federal,,Resposta_regulatória_de_capital_e_continuidade,Altíssimo,Altíssimo,Muito alta,https://novo.brb.com.br/imprensa/nota-a-imprensa-06-02-2026/
2026-05-06,2026-05-17,12,Banco do Brasil,Seguranca_engenharia_de_software,"O radar técnico oficial do Banco do Brasil reforçou a tese de segurança digital desde o design, com defesa explícita de IA aplicada ao desenvolvimento, arquiteturas resilientes e monitoramento como parte estrutural do ciclo de construção de sistemas.",Ecossistema_próprio,,Evidência_institucional_de_prioridade_em_secure-by-design,Alto,Alto,Alta,https://radar.apps.bb.com.br/blogrtt/seguranca-digital-desde-o-comeco-como-o-design-esta-mudando-o-desenvolvimento-de-sistemas/99001
2026-05-04,2026-05-17,13,BRB,Governanca_compliance_controle,"O BRB informou em nota oficial que entregou à Polícia Federal e ao Banco Central a primeira etapa do relatório preliminar de investigação independente conduzida com o escritório Machado Meyer Advogados e suporte técnico da Kroll, reforçando pressão por governança, controles, proteção de ativos e resposta institucional.",Machado Meyer Advogados; Kroll; Banco Central; Polícia Federal,,Resposta_regulatória_e_de_governança,Altíssimo,Altíssimo,Muito alta,https://novo.brb.com.br/imprensa/nota-a-imprensa-03-02-2026/
2026-05-04,2026-05-17,13,BRB,Reforco_do_time_de_TI,"O BRB informou que convocará todos os aprovados do cadastro reserva para Analista de TI, com 40 nomeações ao longo do primeiro semestre de 2026, ligadas a projetos de modernização, automação de processos, cibersegurança e ampliação de soluções digitais.",Ecossistema_próprio,,Expansão_de_capacidade_interna_de_TI,Alto,Médio-alto,Alta,https://novo.brb.com.br/imprensa/brb-convoca-mais-40-analista-de-ti-no-primeiro-semestre-de-2026
2026-05-04,2026-05-06,2,Sicoob,Seguranca_digital_superapp,"No mesmo ciclo de IA generativa, o Sicoob destacou ambiente controlado, sem compartilhamento de dados com terceiros, aderência à LGPD, moderação ativa e o Modo Guardião no SuperApp como camada adicional de segurança transacional.",Ecossistema_próprio,,Governança_de_IA_e_controles_transacionais,Alto,Alto,Alta,https://www.sicoob.com.br/web/sicoob/noticias/-/asset_publisher/xAioIawpOI5S/content/id/275173922
2026-05-03,2026-05-17,14,BRB,Pagamentos_digitais_BRBPAY,"O BRB lançou o portal BRBPAY para parcelamento online de débitos, tributos e contas, usando a solução de adquirência do banco, alcance nacional, parcelamento em até 24 vezes e anúncio explícito de criptografia e aderência às melhores práticas de segurança em pagamentos.",BRBPAY,,Lançamento_de_plataforma_digital_de_pagamentos,Alto,Médio-alto,Alta,https://novo.brb.com.br/imprensa/brb-lanca-portal-para-parcelamento-de-debitos-tributos-e-contas/
2026-05-03,2026-05-03,1,BRB,Reforco_do_time_de_TI,"O BRB informou que convocará todos os aprovados do cadastro reserva para Analista de TI, com 40 nomeações ao longo do primeiro semestre de 2026, ligadas a projetos de modernização, automação de processos, cibersegurança e ampliação de soluções digitais.",Ecossistema_próprio,,Expansão_de_capacidade_interna_de_TI,Alto,Médio-alto,Alta,https://novo.brb.com.br/imprensa/brb-convoca-mais-40-analista-de-ti-no-primeiro-semestre-de-2026/
2026-05-02,2026-05-03,2,Sicoob,IA_generativa_core_bancario,"O Sicoob lançou o Sisbr IA e a Pesquisa Inteligente de Normativos para mais de 62 mil colaboradores, com RAG, integração ao core bancário e governança explícita sobre dados, contexto institucional e escolha de modelos.",Llama; DeepSeek; Phi; Mistral,,Plataforma_interna_transformação_digital,Altíssimo,Alto,Muito alta,https://www.sicoob.com.br/web/sicoobes/noticias/-/asset_publisher/xAioIawpOI5S/content/id/275173922
2026-05-02,2026-05-03,2,Sicoob,Seguranca_digital_superapp,"No mesmo ciclo de IA generativa, o Sicoob destacou controles de governança, contextualização de dados e proteção no uso corporativo da IA, mantendo o cooperativismo no topo do radar de transformação digital segura.",Ecossistema_próprio,,Governança_de_IA_e_controles_transacionais,Alto,Alto,Alta,https://www.sicoob.com.br/web/sicoobes/noticias/-/asset_publisher/xAioIawpOI5S/content/id/275173922
2026-05-01,2026-05-08,7,CAIXA,Inclusao_digital_CAIXA_Tem,"A CAIXA reforçou publicamente o papel do CAIXA Tem como plataforma massiva de inclusão digital e financeira, informando mais de 23 milhões de pagamentos mensais de programas sociais por meio digital e expansão do acesso remoto a benefícios e serviços.",CAIXA Tem,,Escala_operacional_digital,Altíssimo,Alto,Muito alta,https://caixanoticias.caixa.gov.br/Paginas/Not%C3%ADcias/2025/05-MAIO/CAIXA-promove-inclusao-tecnologica-e-reforca-protagonismo-digital-no-acesso-a-direitos.aspx
2026-04-30,2026-05-01,2,Sicoob,IA_generativa_core_bancario,"O Sicoob lançou o Sisbr IA e a Pesquisa Inteligente de Normativos para mais de 62 mil colaboradores, com RAG, integração ao core bancário e governança explícita sobre dados, contexto institucional e escolha de modelos.",Llama; DeepSeek; Phi; Mistral,,Plataforma_interna_transformação_digital,Altíssimo,Alto,Muito alta,https://www.sicoob.com.br/web/sicoobcentralscrs/noticias/-/asset_publisher/xAioIawpOI5S/content/id/275532143
2026-04-30,2026-05-17,17,BRB,Digital_superapp_e_IA,"No Formulário de Referência 2025, o BRB mantém como frentes explícitas a assistente virtual BáRBara, o Super App BRB e a personalização de ofertas com uso de Inteligência Artificial, reforçando agenda pública de transformação digital e pagamentos.",Ecossistema_próprio,,Evidência_operacional_de_transformação_digital,Alto,Médio-alto,Alta,https://ri.brb.com.br/upload/files/4010_154306_014206_14012026160129.pdf
2026-04-30,2026-05-01,2,Sicoob,Seguranca_digital_superapp,"No mesmo ciclo de IA generativa, o Sicoob destacou controles de governança, contextualização de dados e proteção no uso corporativo da IA, mantendo o cooperativismo no topo do radar de transformação digital segura.",Ecossistema_próprio,,Governança_de_IA_e_controles_transacionais,Alto,Alto,Alta,https://www.sicoob.com.br/web/sicoobcentralscrs/noticias/-/asset_publisher/xAioIawpOI5S/content/id/275532143
2026-04-29,2026-05-09,10,Banco do Brasil,Compras_TI_IP-SIP_e_suporte,"A página pública de Avisos e Editais do BB segue como um dos sinais mais acionáveis do radar ao expor RFP prorrogada até 12/02/2026 para solução integrada baseada em IP/SIP, composta por mesa financeira, terminais, conectores, sistema de gestão de atendimento, gravação de voz, monitoração e serviços adicionais com suporte e manutenção por 60 meses.",Não_informado,,Pipeline_público_de_compras_TI,Altíssimo,Alto,Muito alta,https://bb.com.br/site/compras-contratacao-e-venda-de-imoveis/compras-e-contratacoes/avisos-e-editais
2026-04-29,2026-04-30,2,CAIXA,IA_e_ciberseguranca_em_escala,"Na Febraban Tech 2025, a CAIXA declarou investimento forte em cibersegurança e uso de IA generativa no monitoramento de transações, além de indicar 1,1 mil empregados envolvidos no processo TEIA de transformação digital.",TEIA CAIXA,,Programa_de_transformação_digital,Altíssimo,Alto,Muito alta,https://caixanoticias.caixa.gov.br/Paginas/Not%C3%ADcias/2025/06-JUNHO/CAIXA-participa-da-Febraban-Tech-2025.aspx
2026-04-28,2026-04-28,1,Banco do Brasil,Compras_TI_IP-SIP_e_suporte,"A página pública de Avisos e Editais do BB ganhou leitura mais quente nesta checagem ao expor RFP prorrogada até 12/02/2026 para solução integrada baseada em IP/SIP, composta por mesa financeira, terminais, conectores, sistema de gestão de atendimento, gravação de voz, monitoração e serviços adicionais com suporte e manutenção por 60 meses.",Não_informado,,Pipeline_público_de_compras_TI,Altíssimo,Alto,Muito alta,https://bb.com.br/site/compras-contratacao-e-venda-de-imoveis/compras-e-contratacoes/avisos-e-editais
2026-04-27,2026-04-27,1,Banco do Brasil,Compras_TI_suporte_manutencao,"A página pública de Avisos e Editais do BB continua acionável e, na checagem atual, preserva trilha objetiva para compras e RFPs de TI, útil para monitorar suporte, manutenção e demandas de infraestrutura.",Não_informado,,Pipeline_público_de_compras_TI,Alto,Alto,Alta,https://bb.com.br/site/compras-contratacao-e-venda-de-imoveis/compras-e-contratacoes/avisos-e-editais/
2026-04-26,2026-04-28,3,CAIXA,GovTech_setor_publico,"A CAIXA levou o hub TEIA CAIXA ao Smart City Expo Curitiba 2026 como vitrine de conexão, experimentação e geração de soluções GovTech, com foco declarado em transformação digital, serviços públicos digitais, uso estratégico de dados e codesenvolvimento com startups e gestores públicos.",Startups; TEIA CAIXA,,Plataforma_de_inovacao_e_codesenvolvimento,Alto,Médio-alto,Alta,https://caixanoticias.caixa.gov.br/Paginas/Not%C3%ADcias/2026/03-MAR%C3%87O/CAIXA-oferece-solu%C3%A7%C3%B5es-para-o-setor-p%C3%BAblico-no-Smart-City-Expo-Curitiba-2026-.aspx
2026-04-25,2026-05-17,22,Banco do Brasil,Conectividade_SD-WAN,"O Banco do Brasil segue com sinal público muito forte em infraestrutura: modernizou 93% de suas quase 5 mil agências com SD-WAN, dois links e dois roteadores por unidade, com implementação pela Claro e tecnologia Huawei, além de expectativa de conclusão no 1º trimestre de 2026.",Claro; Huawei,Huawei,Contratação_modernização_de_rede,Altíssimo,Alto,Muito alta,https://dplnews.com/claro-implanta-nova-rede-de-conectividade-nas-agencias-do-banco-do-brasil/
2026-04-25,2026-05-17,22,Banco do Brasil,IA_pagamentos_agenticos,"O BB realizou com a Visa a primeira transação agêntica do Brasil em ambiente de produção controlado, com autenticação, tokenização e controles de segurança suportados pela rede da Visa.",Visa,,Piloto_inovação_transacional,Alto,Alto,Muito alta,https://www.visa.com.br/sobre-a-visa/noticias-visa/nova-sala-de-imprensa/bb-visa-primeira-transacao-agentica-brasil.html
2026-04-25,2026-05-17,22,CAIXA,IA_juridico,"A CAIXA mantém a 8ª Chamada de Startups para contratação de solução de IA aplicada ao suporte jurídico, com CPSI de até R$ 1,6 milhão e foco em análise documental, inconsistências e indícios de fraude.",Startups,,Chamada_pública_contratação_inovadora,Alto,Alto,Muito alta,https://caixanoticias.caixa.gov.br/Paginas/Not%C3%ADcias/2026/01-JANEIRO/CAIXA-lanca-chamada-de-startups-para-contratar-solucao-em-IA-aplicada-ao-suporte-juridico.aspx
2026-04-25,2026-05-18,23,CAIXA,Pagamentos_offline,"A CAIXA mantém um dos sinais mais concretos do radar em inclusão e resiliência operacional com a solução de pagamentos offline para benefícios em regiões remotas, em parceria com Elo e Microsoft e com uso previsto nas Agências-Barco.",Elo; Microsoft,,Parceria_consórcio_tecnológico,Altíssimo,Alto,Muito alta,https://caixanoticias.caixa.gov.br/Paginas/Not%C3%ADcias/2024/06-JUNHO/No-ultimo-dia-de-Febraban-Tech-2024-CAIXA-apresenta-solucao-inovadora-para-pagamentos-offline.aspx
2026-04-25,2026-05-17,18,Sicoob,IA_generativa_core_bancario,"O Sicoob lançou o Sisbr IA e a Pesquisa Inteligente de Normativos para mais de 62 mil colaboradores, com RAG, integração ao core bancário e governança explícita sobre dados, contexto institucional e escolha de modelos.",Llama; DeepSeek; Phi; Mistral,,Plataforma_interna_transformação_digital,Altíssimo,Alto,Muito alta,https://www.sicoob.com.br/web/sicoob/noticias/-/asset_publisher/xAioIawpOI5S/content/id/275173922
2026-04-25,2026-05-08,13,BRB,Canais_digitais_escala,"O relatório semestral de 2025 do BRB aponta 232 milhões de transações em canais digitais no período e crescimento de 36% frente ao ano anterior, sinalizando escala operacional relevante em canais e jornada digital.",Ecossistema_próprio,,Métrica_operacional_de_escala_digital,Alto,Médio-alto,Alta,https://ri.brb.com.br/upload/files/3927_RA_2T25.pdf
2026-04-25,2026-05-17,22,BRB,Capilaridade_com_Tecban,"O BRB mantém sinal operacional relevante com a Tecban na instalação de terminais Banco24Horas compactos na Paraíba e no Tocantins, com 58 equipamentos já instalados para ampliar capilaridade e acesso bancário.",Tecban,,Parceria_operacional,Alto,Médio,Alta,https://www.tecban.com.br/noticia/em-parceria-com-a-tecban-brb-leva-inclusao-financeira-e-acesso-bancario-a
2026-04-25,2026-04-29,5,BRB,Digital_superapp_e_IA,"No FRE 2025, o BRB mantém como frentes explícitas a assistente virtual BáRBara, o Super App BRB e a personalização de ofertas com uso de Inteligência Artificial, reforçando agenda pública de transformação digital e pagamentos.",Ecossistema_próprio,,Evidência_operacional_de_transformação_digital,Alto,Médio-alto,Alta,https://ri.brb.com.br/upload/files/4033_154510_014206_29012026170109.pdf
2026-04-25,2026-04-26,2,Banco do Brasil,Compras_TI_suporte_manutencao,"A página pública de Avisos e Editais do BB continua acionável e, na checagem atual, expõe a RFP 2026/004169 para possível contratação de suporte e manutenção de produtos, preservando trilha objetiva de compras de TI.",Não_informado,,Consulta_ao_mercado_RFP,Alto,Alto,Alta,https://bb.com.br/site/compras-contratacao-e-venda-de-imoveis/compras-e-contratacoes/avisos-e-editais/
2026-04-24,2026-04-24,1,Banco do Brasil,Conectividade_SD-WAN,"O Banco do Brasil segue com sinal público forte em conectividade: a modernização de 93% das quase 5 mil agências com SD-WAN, dois links e dois roteadores por unidade, com implementação liderada pela Claro e tecnologia Huawei, continua sendo o caso mais robusto de infraestrutura bancária do radar.",Claro; Huawei,Huawei,Contratação_modernização_de_rede,Altíssimo,Alto,Muito alta,https://dplnews.com/claro-implanta-nova-rede-de-conectividade-nas-agencias-do-banco-do-brasil/
2026-04-24,2026-04-24,1,Banco do Brasil,IA_pagamentos_agenticos,"O Banco do Brasil realizou com a Visa a primeira transação agêntica no Brasil em ambiente de produção controlado, com autenticação, tokenização e controles de segurança suportados pela infraestrutura da Visa.",Visa,,Piloto_inovação_transacional,Alto,Alto,Muito alta,https://www.visa.com.br/sobre-a-visa/noticias-visa/nova-sala-de-imprensa/bb-visa-primeira-transacao-agentica-brasil.html
2026-04-24,2026-04-24,1,CAIXA,IA_juridico,"A CAIXA mantém aberta a trilha institucional de contratação inovadora com a 8ª Chamada de Startups para solução de IA aplicada ao suporte jurídico, com CPSI de até R$ 1,6 milhão e foco em análise documental, inconsistências e fraude.",Startups,,Chamada_pública_contratação_inovadora,Alto,Alto,Muito alta,https://caixanoticias.caixa.gov.br/Paginas/Not%C3%ADcias/2026/01-JANEIRO/CAIXA-lanca-chamada-de-startups-para-contratar-solucao-em-IA-aplicada-ao-suporte-juridico.aspx
2026-04-24,2026-04-24,1,CAIXA,Pagamentos_offline,"A CAIXA mantém um dos sinais mais práticos do radar em inclusão e conectividade resiliente, com solução de pagamentos offline para benefícios em regiões remotas, testada com Elo e Microsoft e com etapa operacional prevista nas Agências-Barco.",Elo; Microsoft,,Parceria_consórcio_tecnológico,Altíssimo,Alto,Muito alta,https://caixanoticias.caixa.gov.br/Paginas/Not%C3%ADcias/2024/06-JUNHO/No-ultimo-dia-de-Febraban-Tech-2024-CAIXA-apresenta-solucao-inovadora-para-pagamentos-offline.aspx
2026-04-24,2026-04-24,1,Sicoob,IA_generativa_core_bancario,"O Sicoob lançou o Sisbr IA e a Pesquisa Inteligente de Normativos para mais de 62 mil colaboradores, com RAG, integração ao core bancário e governança explícita sobre dados e contexto institucional.",Llama; DeepSeek; Phi; Mistral,,Plataforma_interna_transformação_digital,Altíssimo,Alto,Muito alta,https://www.sicoob.com.br/web/sicoob/noticias/-/asset_publisher/xAioIawpOI5S/content/id/275173922
2026-04-24,2026-04-24,1,BRB,Capilaridade_com_Tecban,"O BRB mantém sinal operacional relevante com a Tecban na instalação de terminais Banco24Horas compactos na Paraíba e no Tocantins, com 58 equipamentos já instalados, reforçando capilaridade e presença física leve em regiões com menor infraestrutura bancária.",Tecban,,Parceria_operacional,Alto,Médio,Alta,https://www.tecban.com.br/noticia/em-parceria-com-a-tecban-brb-leva-inclusao-financeira-e-acesso-bancario-a
2026-04-24,2026-04-24,1,BRB,Transformacao_digital_pagamentos,"O BRB segue posicionando transformação digital, Super App, Open Finance e expansão de soluções em Pix e iniciação de pagamentos como eixos estratégicos públicos em seus materiais de administração.",Ecossistema_próprio,,Evidência_operacional_de_transformação_digital,Alto,Médio-alto,Alta,https://ri.brb.com.br/upload/files/3698_IPE-DFs-NEs-BRB-BRGAAP-set24-1.pdf
2026-04-24,2026-04-24,1,Banco do Brasil,Compras_TI_suporte_manutencao,"O Banco do Brasil mantém a página pública de Avisos e Editais como trilha observável para compras e contratações, preservando sinal de pipeline em sustentação tecnológica e suporte a produtos.",Não_informado,,Consulta_ao_mercado_RFP,Alto,Alto,Alta,https://bb.com.br/site/compras-contratacao-e-venda-de-imoveis/compras-e-contratacoes/avisos-e-editais/
2026-04-24,2026-04-29,6,Sicoob,Seguranca_digital_superapp,"No mesmo ciclo de IA generativa, o Sicoob destacou o Modo Guardião no SuperApp, com limitação de transações fora de redes confiáveis e reforço de autenticação para valores mais altos.",Ecossistema_próprio,,Segurança_digital_e_controles_transacionais,Alto,Alto,Alta,https://www.sicoob.com.br/web/sicoob/noticias/-/asset_publisher/xAioIawpOI5S/content/id/275173922
2026-04-23,2026-04-23,1,Banco do Brasil,Compras_TI_suporte_manutencao,"O Banco do Brasil mantém sinal público em Avisos e Editais para possível contratação de suporte e manutenção de produtos, reforçando pipeline observável de sustentação tecnológica.",Não_informado,,Consulta_ao_mercado_RFP,Alto,Alto,Alta,https://bb.com.br/site/compras-contratacao-e-venda-de-imoveis/compras-e-contratacoes/avisos-e-editais/
2026-04-21,2026-04-23,2,Sicoob,IA_generativa_core_bancario,"O Sicoob lançou o Sisbr IA, integrado ao core bancário, e a Pesquisa Inteligente de Normativos para mais de 62 mil colaboradores, com RAG, múltiplos LLMs e processamento em nuvem sob gestão exclusiva do CCS, sem compartilhamento de dados com terceiros.",Llama; DeepSeek; Phi; Mistral,,Plataforma_interna_transformação_digital,Altíssimo,Alto,Muito alta,https://www.sicoob.com.br/web/sicoob/noticias/-/asset_publisher/xAioIawpOI5S/content/id/275173922
2026-04-21,2026-04-21,1,Banco do Brasil,Compras_TI_suporte_manutencao,"O Banco do Brasil publicou nos Avisos e Editais a RFP 2026/004169 para possível contratação de suporte e manutenção de produtos, adicionando sinal público de ciclo de compras em TI e sustentação de ambiente crítico.",Não_informado,,Consulta_ao_mercado_RFP,Alto,Alto,Alta,https://bb.com.br/site/compras-contratacao-e-venda-de-imoveis/compras-e-contratacoes/avisos-e-editais/
2026-04-21,2026-04-23,2,Sicoob,Seguranca_digital_superapp,"No mesmo ciclo de IA generativa, o Sicoob destacou o Modo Guardião no SuperApp, camada inteligente de segurança que limita transações fora de redes confiáveis e reforça autenticação para valores mais altos.",Ecossistema_próprio,,Segurança_digital_e_controles_transacionais,Alto,Alto,Alta,https://www.sicoob.com.br/web/sicoob/noticias/-/asset_publisher/xAioIawpOI5S/content/id/275173922
2026-04-19,2026-04-23,4,Banco do Brasil,Conectividade_SD-WAN,"O Banco do Brasil informou modernização de 93% de suas quase 5 mil agências com SD-WAN, dois links e dois roteadores por unidade, com implementação liderada pela Claro após licitação e tecnologia Huawei, economia mensal reportada de R$ 3,8 milhões e conclusão esperada no 1T26.",Claro; Huawei,Huawei,Contratação_modernização_de_rede,Altíssimo,Alto,Muito alta,https://dplnews.com/claro-implanta-nova-rede-de-conectividade-nas-agencias-do-banco-do-brasil/
2026-04-19,2026-04-23,4,Banco do Brasil,IA_pagamentos_agenticos,"O Banco do Brasil realizou com a Visa a primeira transação agêntica no Brasil em ambiente de produção controlado, usando autenticação, tokenização e controles de segurança do Visa Intelligent Commerce para pagamentos iniciados por agente de IA em nome do cliente.",Visa,,Piloto_inovação_transacional,Alto,Alto,Muito alta,https://www.visa.com.br/sobre-a-visa/noticias-visa/nova-sala-de-imprensa/bb-visa-primeira-transacao-agentica-brasil.html
2026-04-19,2026-04-23,4,CAIXA,IA_juridico,"A CAIXA lançou a 8ª Chamada de Startups para contratar solução baseada em IA para suporte jurídico, com foco em análise documental, identificação de inconsistências e indícios de fraude, via CPSI de até R$ 1,6 milhão.",Startups,,Chamada_pública_contratação_inovadora,Alto,Alto,Muito alta,https://caixanoticias.caixa.gov.br/Paginas/Not%C3%ADcias/2026/01-JANEIRO/CAIXA-lanca-chamada-de-startups-para-contratar-solucao-em-IA-aplicada-ao-suporte-juridico.aspx
2026-04-19,2026-04-23,4,CAIXA,Pagamentos_offline,"A CAIXA apresentou solução de pagamentos offline para benefícios em regiões remotas, com testes em parceria com Elo e Microsoft e próxima etapa prevista nas Agências-Barco no Norte do país.",Elo; Microsoft,,Parceria_consórcio_tecnológico,Altíssimo,Alto,Muito alta,https://caixanoticias.caixa.gov.br/Paginas/Not%C3%ADcias/2024/06-JUNHO/No-ultimo-dia-de-Febraban-Tech-2024-CAIXA-apresenta-solucao-inovadora-para-pagamentos-offline.aspx
2026-04-19,2026-04-20,2,Sicoob,IA_generativa_core_bancario,"O Sicoob lançou o Sisbr IA, integrado ao core bancário, e a Pesquisa Inteligente de Normativos para mais de 62 mil colaboradores, com RAG, múltiplos LLMs e processamento em nuvem sob gestão exclusiva do CCS, sem compartilhamento de dados com terceiros.",Llama; DeepSeek; Phi; Mistral,,Plataforma_interna_transformação_digital,Altíssimo,Alto,Muito alta,https://www.sicoob.com.br/web/sicooboestecredi/noticias/-/asset_publisher/xAioIawpOI5S/content/id/275173922?p_r_p_categoryId=1433079
2026-04-19,2026-04-23,4,BRB,Canais_digitais_escala,"O BRB reportou 98,5% das transações em canais digitais no 2T25 e 232 milhões de transações digitais no 1S25, reforçando escala operacional e maturidade omnichannel para novos ciclos de automação e IA.",Ecossistema_próprio,,Evidência_operacional_de_transformação_digital,Alto,Médio-alto,Alta,https://ri.brb.com.br/upload/files/3932_Apresentac-a-o_2T25_VF3.pdf
2026-04-19,2026-04-23,4,BRB,Capilaridade_com_Tecban,"O BRB firmou parceria com a Tecban para instalar terminais Banco24Horas compactos na Paraíba e no Tocantins, com 58 equipamentos já instalados, gestão 24x7 e foco em inclusão financeira e presença física leve.",Tecban,,Parceria_operacional,Alto,Médio,Alta,https://www.tecban.com.br/noticia/em-parceria-com-a-tecban-brb-leva-inclusao-financeira-e-acesso-bancario-a
2026-04-15,2026-04-18,4,CAIXA,IA_jurídico,"CAIXA lançou a 8ª Chamada de Startups para contratar solução de IA aplicada ao suporte jurídico, por CPSI, com investimento de até R$ 1,6 mi e foco em análise documental, inconsistências e indícios de fraude.",Startups,,Chamada_pública_contratação_inovadora,Alto,Alto,Muito alta,https://caixanoticias.caixa.gov.br/Paginas/Not%C3%ADcias/2026/01-JANEIRO/CAIXA-lanca-chamada-de-startups-para-contratar-solucao-em-IA-aplicada-ao-suporte-juridico.aspx
2026-04-15,2026-04-18,4,CAIXA,Pagamentos_offline,"CAIXA apresentou solução de pagamentos offline para benefícios em regiões remotas, em consórcio com Elo e Microsoft, incluindo testes para uso em áreas sem internet e operação com Agência-Barco.",Elo; Microsoft,,Parceria_consórcio_tecnológico,Altíssimo,Alto,Muito alta,https://caixanoticias.caixa.gov.br/Paginas/Not%C3%ADcias/2024/06-JUNHO/No-ultimo-dia-de-Febraban-Tech-2024-CAIXA-apresenta-solucao-inovadora-para-pagamentos-offline.aspx
2026-04-15,2026-04-18,4,Sicoob,IA_generativa_core_bancário,"Sicoob lançou o Sisbr IA, chat conversacional integrado ao core bancário, e a Pesquisa Inteligente de Normativos para mais de 62 mil colaboradores, com RAG, múltiplos LLMs e nuvem sob gestão exclusiva do CCS, sem compartilhamento de dados com terceiros.",Llama; DeepSeek; Phi; Mistral,,Plataforma_interna_transformação_digital,Altíssimo,Alto,Muito alta,https://www.sicoob.com.br/web/sicooboestecredi/noticias/-/asset_publisher/xAioIawpOI5S/content/id/275173922?p_r_p_categoryId=1433079
2026-04-15,2026-04-18,4,BRB,Canais_digitais_escala,"O BRB reportou 98,5% das transações realizadas nos canais digitais no 2T25 e 232 milhões de transações digitais no 1S25, reforçando a tese de operação omnichannel com ganho de escala e eficiência.",Ecossistema_próprio,,Evidência_operacional_de_transformação_digital,Alto,Médio-alto,Alta,https://ri.brb.com.br/upload/files/3932_Apresentac-a-o_2T25_VF3.pdf
2026-04-15,2026-04-18,4,BRB,Expansão_física_leve,"BRB firmou parceria com a Tecban para instalar terminais compactos Banco24Horas em PB e TO, reforçando capilaridade regional após novas folhas estaduais.",Tecban,,Parceria_operacional,Médio-alto,Médio,Alta,https://www.tecban.com.br/noticia/em-parceria-com-a-tecban-brb-leva-inclusao-financeira-e-acesso-bancario-a
2026-04-13,2026-04-14,2,Sicoob,IA_generativa_core_bancário,"Sicoob lançou Sisbr IA, chat conversacional integrado ao core bancário, e Pesquisa Inteligente de Normativos para mais de 62 mil colaboradores, com RAG, múltiplos LLMs e processamento em nuvem sob governança exclusiva do CCS, sem compartilhamento de dados com terceiros.",Llama; DeepSeek; Phi; Mistral,,Plataforma_interna_transformação_digital,Altíssimo,Alto,Muito alta,https://www.sicoob.com.br/web/sicooboestecredi/noticias/-/asset_publisher/xAioIawpOI5S/content/id/275173922?p_r_p_categoryId=1433079
2026-04-13,2026-04-14,2,BRB,Canais_digitais_escala,"BRB reportou 98,5% das transações realizadas nos canais digitais no 2T25, reforçando a tese de banco omnichannel apoiado por investimentos acumulados em tecnologia.",Ecossistema_próprio,,Evidência_operacional_de_transformação_digital,Alto,Médio-alto,Alta,https://ri.brb.com.br/upload/files/3932_Apresentac-a-o_2T25_VF3.pdf
2026-04-12,2026-04-14,3,CAIXA,IA_jurídico,"CAIXA lançou chamada pública de startups para contratar solução de IA aplicada ao suporte jurídico, por CPSI, com investimento de até R$ 1,6 mi.",Startups,,Chamada_pública_contratação_inovadora,Alto,Alto,Muito alta,https://caixanoticias.caixa.gov.br/Paginas/Not%C3%ADcias/2026/01-JANEIRO/CAIXA-lanca-chamada-de-startups-para-contratar-solucao-em-IA-aplicada-ao-suporte-juridico.aspx
2026-04-12,2026-04-12,1,Sicoob,IA_generativa_core_bancário,"Sicoob lançou Sisbr IA, chat conversacional integrado ao core bancário, e Pesquisa Inteligente de Normativos para mais de 62 mil colaboradores, com RAG e múltiplos LLMs sob governança própria.",Llama; DeepSeek; Phi; Mistral,,Plataforma_interna_transformação_digital,Altíssimo,Alto,Muito alta,https://www.sicoob.com.br/web/sicooboestecredi/noticias/-/asset_publisher/xAioIawpOI5S/content/id/275173922?p_r_p_categoryId=1433079
2026-04-11,2026-04-18,8,Banco do Brasil,Conectividade_SD-WAN,"BB modernizou 93% das quase 5 mil agências com SD-WAN, dois links e dois roteadores por unidade, com economia mensal reportada de R$ 3,8 mi e meta de conclusão no 1T26.",Claro; Huawei,Huawei,Contratação_modernização_de_rede,Altíssimo,Alto,Muito alta,https://dplnews.com/claro-implanta-nova-rede-de-conectividade-nas-agencias-do-banco-do-brasil/
2026-04-11,2026-04-18,8,Banco do Brasil,IA_pagamentos,"BB realizou com a Visa a primeira transação agêntica no Brasil em ambiente de produção controlado, com autenticação, tokenização e controles de segurança via Visa Intelligent Commerce.",Visa,,Piloto_inovação_transacional,Alto,Alto,Muito alta,https://www.visa.com.br/sobre-a-visa/noticias-visa/nova-sala-de-imprensa/bb-visa-primeira-transacao-agentica-brasil.html
2026-04-11,2026-04-11,1,CAIXA,IA_jurídico,"CAIXA abriu chamada de startups para solução de IA aplicada ao suporte jurídico, com CPSI e investimento de até R$ 1,6 mi.",Startups,,Chamada_pública_contratação_inovadora,Alto,Alto,Muito alta,https://caixanoticias.caixa.gov.br/Paginas/Not%C3%ADcias/2026/01-JANEIRO/CAIXA-lanca-chamada-de-startups-para-contratar-solucao-em-IA-aplicada-ao-suporte-juridico.aspx
2026-04-11,2026-04-14,4,CAIXA,Pagamentos_offline,CAIXA apresentou solução de pagamentos offline para benefícios em regiões remotas e informou testes com Agência-Barco.,Elo; Microsoft,,Parceria_consórcio_tecnológico,Altíssimo,Alto,Muito alta,https://caixanoticias.caixa.gov.br/Paginas/Not%C3%ADcias/2024/06-JUNHO/No-ultimo-dia-de-Febraban-Tech-2024-CAIXA-apresenta-solucao-inovadora-para-pagamentos-offline.aspx
2026-04-11,2026-04-11,1,Sicoob,IA_generativa_core_bancário,"Sicoob lançou Sisbr IA, chat conversacional integrado ao core bancário, e Pesquisa Inteligente de Normativos para mais de 62 mil colaboradores.",Llama; DeepSeek; Phi; Mistral,,Plataforma_interna_transformação_digital,Altíssimo,Alto,Muito alta,https://www.sicoob.com.br/web/sicoob/noticias/-/asset_publisher/xAioIawpOI5S/content/id/275173922
2026-04-11,2026-04-14,4,BRB,Canais_inclusão,"BRB firmou parceria com a Tecban para instalar terminais compactos Banco24Horas em PB e TO, apoiando capilaridade após vencer folhas estaduais.",Tecban,,Parceria_operacional,Médio-alto,Médio,Alta,https://www.tecban.com.br/noticia/em-parceria-com-a-tecban-brb-leva-inclusao-financeira-e-acesso-bancario-a
2026-04-11,2026-04-12,2,BRB,IA_personalização,"BRB reporta IA no centro da estratégia, com uso em personalização, eficiência operacional, combate a crimes financeiros, SuperApp e assistente BáRBara.",Ecossistema_próprio,,Estratégia_transformação_interna,Médio-alto,Alto,Alta,https://www.oitoquatronoticias.com.br/brb/brb-investe-em-ia-para-transformar-a-experiencia-bancaria-saiba-como/
